user_id,inf,weibo_num,focus_num,fans_num,level,verified
人民日报,"['人民日报', '\xa0男/北京    \xa0    ', '【国家航天局：', '】12日上午，嫦娥五号', '仪式在京举行。13家科研机构一共获得约17.4764克月壤。这标志着月球样品的科学研究正式启动。此外，记者还获悉，国家航天局正计划组织部分月球样品入藏毛泽东同志的故乡湖南韶山进行异地灾备，以告慰毛泽东同志...', '【永不放弃！', '】逆境绝杀韩国，', '，铿锵玫瑰在绝境中绽放；', ' 曾做过三次膝盖手术，但仍站在赛场，与中国队一起进军东京；', ' 则表示，击剑到最后拼的就是勇气。奥运会、残奥会即将到来，为她们加油！', '...', '【', '】1949年5月27日，上海解放。枪声停息后的第一个清晨，马路两边湿漉漉的地上睡满了解放军战士。在随部队进驻上海的人群中，当时20岁出头的随军摄影师看到这个场景不禁感叹：这就是我们的解放军啊…', '↓↓', ' ', '【现场画面！', '】中国空间站卫生区长什么样？航天员如何“装修”卫生区？“装修”过程中发生了什么趣事？戳视频↓', ' ', '【', '】7月9日，南京市雨花台区接安徽省萧县疾控中心协查通知，协查对象肖某为安徽省通报的境外输入新冠肺炎无症状感染者的密切接触者。雨花台区疾控中心立即开展排查，当日下午14时将肖某送至集中隔离点接受医学观察。7月9日新冠病毒核酸检测，结果为阴性；7月11日...', '【值得收藏！', '【直播关注！', '】7月11日―12日，华北、黄淮地区迎来入汛最强降雨过程，中央气象台持续发布暴雨黄色预警。其中，北京地区12日早晨达到此次降雨过程最强，累积雨量将达暴雨到大暴雨量级。直击强降雨第一现场↓↓暴雨来临，注意安全！', ' ', '【每一次普通的改变，都可能改变普通】既然一直对现状不满，那就别总在胆怯中退缩。最怕的就是你一边抱怨，但又不去改变。要想让事情变好，那先努力让自己变得更好。要知道，自己不努力，没人能替你成长。勇敢地去行动吧，一个小小的改变，或许就会给你的人生带来很大的不同。9个建议↓↓共勉，早安。 ', '【点球击败英格兰！时隔53年', '】北京时间7月12日03:00，欧洲杯决赛在温布利大球场展开巅峰对决，意大利对阵英格兰。最终，意大利点杀英格兰，时隔53年再度夺得欧洲杯冠军。', ' ', '【', '】7月11日0时至24时，云南省新增新冠肺炎本土确诊病例9例（2例为7月9日无症状感染者转为确诊病例），新增境外输入新冠肺炎确诊病例3例。', '截至7月11日24时，云南省现有新冠肺炎确诊病例148例（本土59例，境外输入89例）、新冠肺炎无症状感染者20例（本土1例，境外输入19例），均...']",134117,3059,132836761,会员等级：7级02,认证信息：《人民日报》法人微博
新京报,"['新京报', '\xa0男/北京    \xa0    ', '【', ' 校方：房顶贴膜老化雨水倒灌】7月11日，南京师范大学附属扬子中学针对该校报告厅屋顶漏水一事进行通报。10日，扬子中学在报告厅举行新一届高三学生家长会。其间，突遇特大暴雨，导致报告厅屋顶漏水。经查，报告厅建于2006年，房顶贴膜老化，强降雨致落叶等杂物堵塞报告厅...', '【', ' 确诊5天后死亡】7月11日，据法新社报道，比利时一名90岁妇人因跌倒送医治疗，被检测出携带2种新冠变异毒株，起初妇人血氧饱和度水平良好，随后病情急速恶化，5天后死亡。专家称，尚无证据表明病情恶化与同时感染两种变异毒株有关，同时感染2种毒株现象或被低估。...', '【', '【', ' 男子不顾危险冲入洪水中救下一人】7月11日，河南焦作，受丹河上游暴雨影响，形成了洪水沿丹河下泄，沁阳、博爱沿丹河两岸受到较大影响。焦作境内沿岸村庄进水，车辆被凶猛的洪水卷走。一男子发现洪水中还有人时，立即冲进去将其救出。(沸点视频)', ' ', '【暴雨级别！', ' 】北京地区11日18时后自南向北大部地区出现暴雨，并伴有大风和雷电，昌平局地有小冰雹。截至12日6时，北京市平均降雨量45.7毫米，城区平均53.2毫米，北京市共203个站降雨量超过50毫米，43个站降雨量超过70毫米。最大降雨出现在房山新村，为92.4毫米，最大小...', '【最强降雨来袭！直击北京早高峰防汛排涝现场】', '据北京市气象台消息，7月11日至12日夜间，北京将出现今年入汛以来的最强降雨。', ' 记者带您穿城感受雨中北京早高峰，分赴气象、应急等多部门把握降水实况，直击防汛排涝保障现场。', ' ', ' ', '【', '！时隔53年再次捧杯】在刚刚结束的2020欧洲杯决赛中，在温布利大球场，历经加时和点球大战，意大利4比3战胜英格兰，时隔53年再次捧走德劳内杯。', '这个冠军，意大利和英格兰都等了53年之久。1968年，两队均首次打进欧洲杯正赛，意大利人捧起了冠军奖杯，英格兰获得季军。过去53...', '【', '：人在河南 近期将认亲】7月11日，', ' 从电影《失孤》原型郭刚堂处证实，他已获知儿子郭振的下落。郭刚堂与儿子DNA比对成功，警方已着手安排父子认亲事宜。1997年，2岁多的郭振被人贩拐卖。二十多年来，郭刚堂为寻找儿子，骑行40万多公里，跑了31个省，报废10...', '【历时近8小时 ', '】7月11日，搁浅在浙江温岭东海塘的鲸被放归大海。据救援人员介绍，放生地点位于大陈岛以南，水深15米以上的海域。12时左右，两头鲸被发现搁浅在东海塘附近海域。消防、公安、渔业等部门接警后先后赶赴现场救援，经现场人员确认，其中一头鲸死亡。...', '【', '电闪雷鸣中的北京#】北京今年最强降雨来了，门头沟北面有连续的闪电、雷声，山上形成了厚厚的云雾。请务必注意安全，转发提醒！', ' ']",126340,2385,44849628,会员等级：7级02,认证信息：新京报官方微博
急诊夜鹰,"['急诊夜鹰', '\xa0男/广东    \xa0    ', '北京地铁站45岁男销售猝死，家属对死因无异议，但医生有异议！！！', '今早7:59，人头汹涌的北京地铁13号线霍营站一名45岁男乘客在去往东直门站的扶梯处突然晕倒，后被乘客抬上站台。站方呼叫民警、呼叫专业医护乘客、呼叫急救车....', '然后来了5位警察维持秩序，2位热心群众先后轮流实施心肺复苏，8点30...', '【', ' 】据', ' 消息：7月1日上午10点左右，山东聊城一名正倾倒垃圾的环卫工突然晕倒在地，附近一中医诊所里的钟亚奎夫妻闻讯急忙跑来出手相救。夫妻俩根据症状判断应该是急性心梗，于是钟亚奎紧急地选择急救的穴位用针灸点刺，崔金金则用采血针在环卫工耳尖、指尖进行放...', '7月3日，江西赣州儿童溺水死亡，其实原本很有存活机会的，却把宝贵的时间去控水。', '昨日央视新闻通过电视频道直接面向数亿人科普：溺水者需要控水施救。', '今日再次通过微博平台推送，继续祸害。', '然后', '  被网友们纠错，删帖。', '传播错误急救危害深远，动辄就是一条命，是否应该追责呢？难道删...', '7月3日，江西赣州儿童溺水死亡，其实原本很有存活机会的，却把宝贵的时间去控水。', '昨日央视新闻通过电视频道直接面向数亿人科普：溺水者需要控水施救。', '今日再次通过微博平台推送，继续祸害。', '然后', '  被网友们纠错，删帖。', '传播错误急救危害深远，动辄就是一条命，是否应该追责呢？难道删...', '【', ' 目击者：是她前男友 警方已介入】据', ' 消息：7月9日凌晨，广西钦州一名女子遭男子强行拖拽塞进车内的视频引发关注。视频中，女子被男子拖拽时多次呼救。随后，一名路过的司机下车制止，市民纷纷上前劝阻，男子放开女子后驾车离开。目击者覃先生称，女子自称...', '7月3日，江西赣州儿童溺水死亡，其实原本很有存活机会的，却把宝贵的时间去控水。', '昨日央视新闻通过电视频道直接面向数亿人科普：溺水者需要控水施救。', '今日再次通过微博平台推送，继续祸害。', '然后', '  被网友们纠错，删帖。', '传播错误急救危害深远，动辄就是一条命，是否应该追责呢？难道删...', ' ', '这有问有答的，不要做心肺复苏。', '如果意识丧失也不要喂救心丸。 ', ' ', '有次采访，记者问张钧甯：“你能忍受多少天不洗头？”张钧甯哼了一声说“一天”，因为自己每天都要洗头，要不然受不了。', '随即她画风一转，说很担心生孩子怎么办，听说坐月子要一个月不能洗头，张钧甯很是抓狂。', '不过，还没有结婚的张钧甯，是不是太早担心生孩子的问题了呢？', '近日，张钧甯谈及婚姻，...', '救人一命，会怎样？', '救人一命，胜造七级浮屠啊！', ' 不，救人一命还送你7套房！', '礼让行人 ', '7月3日，江西赣州儿童溺水死亡，其实原本很有存活机会的，却把宝贵的时间去控水。', '昨日央视新闻通过电视频道直接面向数亿人科普：溺水者需要控水施救。', '今日再次通过微博平台推送，继续祸害。', '然后', '  被网友们纠错，删帖。', '传播错误急救危害深远，动辄就是一条命，是否应该追责呢？难道删...']",12017,1311,1873646,会员等级：7级02,简介:让更多人懂一点简单急救。工作邮箱:46311852@qq.com
新加坡眼,"['新加坡眼', '\xa0男/海外    \xa0    ', '自今年一月至五月，新加坡总共出现了374起与银行有关的骗局，骗取金额高达107万新币！', '截至7月9日，新加坡逾389万人已接种至少一剂疫苗，占人口之68.3%，比前一天高0.9个百分点。', '已经完成两剂疫苗接种的逾226万人，占人口之39.8%，比前一天高0.5个百分点。', ' ', '专家普遍认为，首剂接种率70%、两剂接种率40%，仍无法阻止病毒传播。', '由于仍有60%人口未完成接种，强传播力的德尔塔Delta病毒株仍有可能在社区形成大型感染群。', '新加坡明天开放五人堂食，也允许工作单位员工社交聚会，以五人为限。《新加坡眼》判断，社区新增病例从现在到本月底不会清零，应该会持续有...', '大使馆在2021年5月份推出了领事APP，可以通过领事APP进行护照换发。戳下文了解流程。 ', ' ', '印尼抗疫有了新办法，“装神弄鬼“驱新冠', '印度尼西亚# ', ' ', '《日经亚洲评论》七月初对120多个国家和地区对冠病疫情复原的观察所做的指数排名。中国大陆第一，新加坡第五，美国第22，日本第48。“疫情复原指数”，这套指数的评分主要分三个部分：', '一、冠病感染控制（每起病例检测量、人均病例数、疫情走势）', '二、疫苗接种情况（人均接种量、接种至少一剂的人口比...', '印度尼西亚疫情失控，连续5日超3万，新加坡收紧边境措施 ', ' ', '7月11日，新加坡卫生部通报初步统计：今天新增确诊8例，累计6万2692起。新增病例当中，境外输入7起，本土病例1起，为社区病例，暂无关联；客工宿舍病例无新增。卫生部将在今晚公布详情。 ', '感觉我家附近的树被针对了，哈哈哈', '今年国庆庆典将在滨海湾浮动舞台举行！庆典会上演久违的烟花表演。你怀念滨海湾的绚丽烟花吗？2019年1月1日，疫情席卷新加坡前的最后一场滨海湾烟花送给大家。', ' ', ' ']",43215,2134,702650,会员等级：6级02,认证信息：新加坡眼网站官方微博
人民日报,"['人民日报', '\xa0男/北京    \xa0    ', '【国家航天局：', '】12日上午，嫦娥五号', '仪式在京举行。13家科研机构一共获得约17.4764克月壤。这标志着月球样品的科学研究正式启动。此外，记者还获悉，国家航天局正计划组织部分月球样品入藏毛泽东同志的故乡湖南韶山进行异地灾备，以告慰毛泽东同志...', '【永不放弃！', '】逆境绝杀韩国，', '，铿锵玫瑰在绝境中绽放；', ' 曾做过三次膝盖手术，但仍站在赛场，与中国队一起进军东京；', ' 则表示，击剑到最后拼的就是勇气。奥运会、残奥会即将到来，为她们加油！', '...', '【', '】1949年5月27日，上海解放。枪声停息后的第一个清晨，马路两边湿漉漉的地上睡满了解放军战士。在随部队进驻上海的人群中，当时20岁出头的随军摄影师看到这个场景不禁感叹：这就是我们的解放军啊…', '↓↓', ' ', '【现场画面！', '】中国空间站卫生区长什么样？航天员如何“装修”卫生区？“装修”过程中发生了什么趣事？戳视频↓', ' ', '【', '】7月9日，南京市雨花台区接安徽省萧县疾控中心协查通知，协查对象肖某为安徽省通报的境外输入新冠肺炎无症状感染者的密切接触者。雨花台区疾控中心立即开展排查，当日下午14时将肖某送至集中隔离点接受医学观察。7月9日新冠病毒核酸检测，结果为阴性；7月11日...', '【值得收藏！', '【直播关注！', '】7月11日―12日，华北、黄淮地区迎来入汛最强降雨过程，中央气象台持续发布暴雨黄色预警。其中，北京地区12日早晨达到此次降雨过程最强，累积雨量将达暴雨到大暴雨量级。直击强降雨第一现场↓↓暴雨来临，注意安全！', ' ', '【每一次普通的改变，都可能改变普通】既然一直对现状不满，那就别总在胆怯中退缩。最怕的就是你一边抱怨，但又不去改变。要想让事情变好，那先努力让自己变得更好。要知道，自己不努力，没人能替你成长。勇敢地去行动吧，一个小小的改变，或许就会给你的人生带来很大的不同。9个建议↓↓共勉，早安。 ', '【点球击败英格兰！时隔53年', '】北京时间7月12日03:00，欧洲杯决赛在温布利大球场展开巅峰对决，意大利对阵英格兰。最终，意大利点杀英格兰，时隔53年再度夺得欧洲杯冠军。', ' ', '【', '】7月11日0时至24时，云南省新增新冠肺炎本土确诊病例9例（2例为7月9日无症状感染者转为确诊病例），新增境外输入新冠肺炎确诊病例3例。', '截至7月11日24时，云南省现有新冠肺炎确诊病例148例（本土59例，境外输入89例）、新冠肺炎无症状感染者20例（本土1例，境外输入19例），均...']",134117,3059,132836762,会员等级：7级02,认证信息：《人民日报》法人微博
鹊桔,"['鹊桔', '\xa0男/广东    \xa0    ', '挺烦的', '【此刻，一起转发！', '2021，不忘初心，勇往直前。我是', '，下个百年梦想我们一起来实现。', ' ', '“好久没有感受过爱了 我是说那种 长期的 稳定的 安心的.”  ', ' ', '【', '，还成了许多居民的私人医生】近日，在广州番禺洛浦街的管控区内，一名医生举着一个大箱子的照片，瞬间在朋友圈“火”了起来，这名人称“托举姐”的医护人员，在疫情期间还成了许多居民的“私人医生”。', ' （视频来源：今日一线 记者：李斯琦 叶剑 ）...', '【“梁非凡”扮演者', '：大家健康我就开心】端午假期，在广州市天河区石牌街社区，医护人员和志愿者们仍在为居民们开展新冠疫苗接种工作。在时而龙舟水泛滥，转眼又烈日暴晒的现场，眼尖的人发现了志愿队伍中的“神秘人物”，香港知名演员', ' 竟穿上了隔离衣、头戴面罩...', '“还有好多好多的心里话，想要跟您老说...”', '世界上最幸福的事莫过于：你喜欢的人刚好也喜欢你，你想的人也在想你，你爱的人 也很爱你，你等的人也在等你！ ', ' ', '加油 金榜题名 去你们心怡的大学 实现自己的梦想 超常发挥 七月月查询理想成绩 九月远赴下一场山海 前程似锦 等你们', '【独特礼物！', '】西安一高校化学老师带领7名学生制作了105支专属口红送给毕业生。梁老师介绍，口红色号有正红色、豆沙色、番茄红色、枫叶红色、车厘子色、胡萝卜色、蜜桃乌龙色等。制作过程学生“很有成就感”，他本人平时也给自己两个女儿做口红。', ' ']",3618,435,121575,会员等级：6级02,认证信息：娱乐博主 视频自媒体 视频博主
头条新闻,"['头条新闻', '\xa0女/北京    \xa0    ', '【', '】据', ' 消息：受雷雨天气影响，北京首都机场、大兴机场共计调减航班441班。首都机场今日计划起降航班797架次，提前会商调减285班。大兴机场今日计划执行航班598架次，全天调减航班156班。请出行旅客及时留意航班信息，合理安排出行。', ' ', '【都知道熬夜伤身，', '？】要说一天当中什么时候是最舒服的，那还真是晚上临睡觉前的这段时间。刷刷剧、玩会游戏……可一不留神儿就到了晚上11点，面对这“诱人”的剧情和游戏，很多人果断选择继续熬！2007年，世卫组织把熬夜的致癌性列为2A级，还有研究表明，熬夜可能导致焦虑抑郁、...', ' 【这场雨有多大？全市做好打持久战准备！】截至7月12日6时，全市平均降雨量45.7毫米，城区平均53.2毫米，最大降雨出现在房山新村92.4毫米，目前降雨还在持续，全市已做好打持久战的准备。截至目前，市排水集团启动一级响应，累计备勤出动防汛人员2906人，对城区主要桥区、道路设施...', '【忘记包厢还有一桌客人，粗心老板直接锁门回家，到家接到电话懵了】据', ' 消息：7月11日，安徽合肥。一饭店老板下班回家，到家后接到电话，才发现饭店楼上包厢里还有一桌客人没有走，被锁在里面了。原来，当时客人提前买了单，系统上显示没有单了，老板便以为没有...', '【男子医院照顾老婆间隙偷偷走廊撸串，喝到开心时回头看见老婆后瑟瑟发抖】据', ' 消息：7月11日，吉林长春，老婆住院不能进食，老公看护间隙偷偷在走廊“撸串子”，喝到开心处回头看见老婆，当场傻了！网友:代入感太强，已经开始害怕了！', ' ', '【', ' 物业：当时地面有人警示 防止坠物伤人】据', ' 消息：7月8日，广东佛山，居民高层楼内一名女子拿着扫帚将大量碎玻璃扫落楼下，飘飘洒洒地往外洒，看上去极度危险。中南远洋物业经理钟先生称，当天业主发现双层玻璃，外面那层爆了，不方便向里面扫，就通知物业去弄...', '【', '，让留守孩子有读书的地方】据', '  消息：湖南湘西，先天性肢残的向民志，为了让留守孩子有个读书的地方，借款修建了50平米的农家书屋，2017年已正式开放。如今，他还将自己的老宅也改造成书屋，扩建到150多平米，还设了儿童之家，目前书籍已达6000册。向民志...', '【莫疏忽！', '】据', ' 消息：两年前家长发现小帆胸背部隆起不对称，但并未在意。不料脊柱侧弯竟从40度发展为79度，急需手术。专家表示，脊柱侧弯多发于青少年时期，女性多于男性。脊柱侧弯无法预防，但', '。双肩不等高、背部不对称等...', '【', '，员工要求经济补偿，官司竟打到高院，法院：赔5.4万】叮，打工人的工资到账了！不过，工资什么时候发却大有讲究，深圳一家公司就因为每月20日发上个月的工资吃了“大亏”。员工以公司未按照规定及时足额支付劳动报酬为由解除劳动关系，并要求公司支付经济补偿金。双方因...', '【', '】据新京报消息：7月11日上午，北京连续发布暴雨黄色预警、大风黄色预警。16时30分许，海淀公安分局凤凰岭派出所接到群众求助，称其在凤凰岭山中受伤并且迷路，希望警方进行救援。经过民警、消防员、北斗救援队多方搜救，5个多小时后，被困者被冒雨营救下山。', '民...']",211584,1649,103515300,会员等级：6级02,认证信息：24小时播报热点资讯
人民日报,"['人民日报', '\xa0男/北京    \xa0    ', '【国家航天局：', '】12日上午，嫦娥五号', '仪式在京举行。13家科研机构一共获得约17.4764克月壤。这标志着月球样品的科学研究正式启动。此外，记者还获悉，国家航天局正计划组织部分月球样品入藏毛泽东同志的故乡湖南韶山进行异地灾备，以告慰毛泽东同志...', '【永不放弃！', '】逆境绝杀韩国，', '，铿锵玫瑰在绝境中绽放；', ' 曾做过三次膝盖手术，但仍站在赛场，与中国队一起进军东京；', ' 则表示，击剑到最后拼的就是勇气。奥运会、残奥会即将到来，为她们加油！', '...', '【', '】1949年5月27日，上海解放。枪声停息后的第一个清晨，马路两边湿漉漉的地上睡满了解放军战士。在随部队进驻上海的人群中，当时20岁出头的随军摄影师看到这个场景不禁感叹：这就是我们的解放军啊…', '↓↓', ' ', '【现场画面！', '】中国空间站卫生区长什么样？航天员如何“装修”卫生区？“装修”过程中发生了什么趣事？戳视频↓', ' ', '【', '】7月9日，南京市雨花台区接安徽省萧县疾控中心协查通知，协查对象肖某为安徽省通报的境外输入新冠肺炎无症状感染者的密切接触者。雨花台区疾控中心立即开展排查，当日下午14时将肖某送至集中隔离点接受医学观察。7月9日新冠病毒核酸检测，结果为阴性；7月11日...', '【值得收藏！', '【直播关注！', '】7月11日―12日，华北、黄淮地区迎来入汛最强降雨过程，中央气象台持续发布暴雨黄色预警。其中，北京地区12日早晨达到此次降雨过程最强，累积雨量将达暴雨到大暴雨量级。直击强降雨第一现场↓↓暴雨来临，注意安全！', ' ', '【每一次普通的改变，都可能改变普通】既然一直对现状不满，那就别总在胆怯中退缩。最怕的就是你一边抱怨，但又不去改变。要想让事情变好，那先努力让自己变得更好。要知道，自己不努力，没人能替你成长。勇敢地去行动吧，一个小小的改变，或许就会给你的人生带来很大的不同。9个建议↓↓共勉，早安。 ', '【点球击败英格兰！时隔53年', '】北京时间7月12日03:00，欧洲杯决赛在温布利大球场展开巅峰对决，意大利对阵英格兰。最终，意大利点杀英格兰，时隔53年再度夺得欧洲杯冠军。', ' ', '【', '】7月11日0时至24时，云南省新增新冠肺炎本土确诊病例9例（2例为7月9日无症状感染者转为确诊病例），新增境外输入新冠肺炎确诊病例3例。', '截至7月11日24时，云南省现有新冠肺炎确诊病例148例（本土59例，境外输入89例）、新冠肺炎无症状感染者20例（本土1例，境外输入19例），均...']",134117,3059,132836761,会员等级：7级02,认证信息：《人民日报》法人微博
中国新闻网,"['中国新闻网', '\xa0男/北京    \xa0    ', '【', ' ', '】据中国气象局消息，7月11日5时至12日06时，北京、天津、河北、山西、河南、山东等地出现暴雨。北京全市各区均出现超过50毫米的暴雨，河北有1366个站点降水量超过50毫米（暴雨）。中央气象台首席预报员张芳华表示，华北雨季的平均时...', '【', '】当地时间11日，英国警方表示，欧洲杯球迷在伦敦温布利球场附近与官员发生冲突，警方逮捕了45人。报道称，有视频显示在比赛开始前，无票球迷们冲破障碍物，跑上楼梯进入体育场，工作人员和警察试图阻止他们。在比赛期间也有冲突发生，数千名球迷聚集在球场外。...', '【', '】', '据北京大学微信公众号消息，此前报道中放弃港大奖学金、选择北大马克思主义理论专业的王艺瑾今年第一个收到北大录取通知书。她说，选择该专业是因为自己真心喜欢。据悉，北大该专业今年首次通过高招招收本科生，专业...', '【', '】12日，北京市积分落户服务中心发布《关于对蔡某某等7名积分落户材料弄虚作假人员处理情况的通告》，在2019至2020年度积分落户工作中，经查明7名申请人存在积分落户材料弄虚作假行为，其中蔡某某、陶某、王某某、刘某、陈某虚假申报并使用无效婚姻关系凭证，姚某某提供伪...', '【', '】据', ' 通报，上海市奉贤区应急管理局说：2021年7月12日4时50分，位于奉贤区青村镇西街2弄1号居民楼三楼液化气钢瓶泄漏发生爆炸后燃烧。事故发生后，消防救援力量第一时间赶到现场救援，火势于5时52分扑灭。事故造成2名居民死亡,4名居民不同程度...', '【', '：', '】', '7月12日，北京市人力资源和社会保障局发布消息，本市2021年积分落户申报审核工作已全部结束，即日起进入公示及落户办理阶段。今年申报积分落户的130111名申请人可登录积分落户在线申报系统查看本人最终...', '【', '】今日，国家航天局探月与航天工程中心在京举行嫦娥五号任务第一批月球科研样品发放仪式，标志着月球样品科学研究工作正式启动。经审核，来自13所科研机构的31份申请获得通过。（央视新闻客户端） ', '【', '】随着', '，本届大赛大幕落下。射手榜上，葡萄牙队队长C罗以5粒进球和1次助攻力压同样打入5球的捷克前锋希克，荣膺欧洲杯金靴。本届C罗共参加4场比赛，葡萄牙队在1/8决赛中被比利时淘汰。 ', '【还好遇见你', '【', '】', '北京时间12日凌晨，在', '男单决赛中，世界排名第一的德约科维奇以6:7(4)、6:4、6:4、6:3，大比分3:1逆转战胜贝雷蒂尼后获得冠军。', '，将个人大满贯男单冠军数量提升至20个，追平费德勒与纳达尔的纪录，并列男子网坛...']",168518,1261,71775620,会员等级：7级02,认证信息：中国新闻网法人微博
人民日报,"['人民日报', '\xa0男/北京    \xa0    ', '【国家航天局：', '】12日上午，嫦娥五号', '仪式在京举行。13家科研机构一共获得约17.4764克月壤。这标志着月球样品的科学研究正式启动。此外，记者还获悉，国家航天局正计划组织部分月球样品入藏毛泽东同志的故乡湖南韶山进行异地灾备，以告慰毛泽东同志...', '【永不放弃！', '】逆境绝杀韩国，', '，铿锵玫瑰在绝境中绽放；', ' 曾做过三次膝盖手术，但仍站在赛场，与中国队一起进军东京；', ' 则表示，击剑到最后拼的就是勇气。奥运会、残奥会即将到来，为她们加油！', '...', '【', '】1949年5月27日，上海解放。枪声停息后的第一个清晨，马路两边湿漉漉的地上睡满了解放军战士。在随部队进驻上海的人群中，当时20岁出头的随军摄影师看到这个场景不禁感叹：这就是我们的解放军啊…', '↓↓', ' ', '【现场画面！', '】中国空间站卫生区长什么样？航天员如何“装修”卫生区？“装修”过程中发生了什么趣事？戳视频↓', ' ', '【', '】7月9日，南京市雨花台区接安徽省萧县疾控中心协查通知，协查对象肖某为安徽省通报的境外输入新冠肺炎无症状感染者的密切接触者。雨花台区疾控中心立即开展排查，当日下午14时将肖某送至集中隔离点接受医学观察。7月9日新冠病毒核酸检测，结果为阴性；7月11日...', '【值得收藏！', '【直播关注！', '】7月11日―12日，华北、黄淮地区迎来入汛最强降雨过程，中央气象台持续发布暴雨黄色预警。其中，北京地区12日早晨达到此次降雨过程最强，累积雨量将达暴雨到大暴雨量级。直击强降雨第一现场↓↓暴雨来临，注意安全！', ' ', '【每一次普通的改变，都可能改变普通】既然一直对现状不满，那就别总在胆怯中退缩。最怕的就是你一边抱怨，但又不去改变。要想让事情变好，那先努力让自己变得更好。要知道，自己不努力，没人能替你成长。勇敢地去行动吧，一个小小的改变，或许就会给你的人生带来很大的不同。9个建议↓↓共勉，早安。 ', '【点球击败英格兰！时隔53年', '】北京时间7月12日03:00，欧洲杯决赛在温布利大球场展开巅峰对决，意大利对阵英格兰。最终，意大利点杀英格兰，时隔53年再度夺得欧洲杯冠军。', ' ', '【', '】7月11日0时至24时，云南省新增新冠肺炎本土确诊病例9例（2例为7月9日无症状感染者转为确诊病例），新增境外输入新冠肺炎确诊病例3例。', '截至7月11日24时，云南省现有新冠肺炎确诊病例148例（本土59例，境外输入89例）、新冠肺炎无症状感染者20例（本土1例，境外输入19例），均...']",134117,3059,132836764,会员等级：7级02,认证信息：《人民日报》法人微博
丸丸1212丸丸,"['丸丸1212丸丸', '\xa0女/香港    \xa0    ', '今天，我见到彩虹96', '100%苹果执笠[][]9393', '迟一点连100毛、立(坏心)肠新闻也被蜡干封干，就真正普天同庆可喜可贺了[啊][啊][啊]', '买支大的苹果汁与同事一齐庆祝苹果执笠', '端午节到了', '我很喜欢这个中国节日，因为又是可以大吃大喝一番的时候，还有我最喜爱的粽子。', '已经是第六年亲手裹粽派给亲朋好友了，希望收到的都幸福快乐。', '祝大家端午节快乐，身体健康[勰][勰][勰]', ' ', ' ', '天气闷热', '外出走走、或自己弄点甜吃', '散一散郁结', '近期太多负面新闻', '希望同事们努力', '不要辜负大家的爱戴爱锡', ' ', '昨日，我比我家大少(我的丈夫)知，我首次订了天猫超市，买了292人民诺幕跗(其中包括16蚊运费)会直送到家中。', '之后我家大少好语重心长话：香港零售业已经钕籼酰仲唔支持吓话真系有好多人失业！', '我话：我明08，但同一件货品，边有人会同钱作对？', '谶砝砦遥继续咿咿哦哦，于是我比呢两张同一...', '情报显示，某位香港阿太在15分钟内横扫香港优品360店超过20kg粉，真系罟坏罾撬溃[M解]', '「四点钟阿丸」为大家直击报道，即刻拉队掩至该天水围阿太家中，一入屋就见到如此浩瀚大场面', '今天早上，我很荣幸出席一个表扬曾在2019年6月至2020年3月期间⒂搿覆壤苏咝印沟氖斓淅瘛', 'f实在的，可以选择的话，我宁可香港]有发生过这次黑暴事件，香港]有被无u之徒破坏、撕裂，真正有良心的民]有被伤害。', '很多朋友都不明白楹挝Ρ┩健ⅫS尸醍h恨之入骨，因为我们从]有去攻击或...', '过往我H喜欢奕迅', '今天起，更加欣p他', '大大个「粟米碎蛋沙律包」，每个都手渴志oN在一起的', '支持中人', ' ', '这子很忙', '凌晨二时下班', '今天一早又要上班了', '今天是期待已久接种「科兴」疫苗的日子，实在太兴奋了[太_心][太_心]', '今早和妈妈及印尼外虻酱锝又种行模一切都很流畅，更感恩遇到一个很友善及有经验的姑娘，她的手势十分好，注射后更]有任何疼痛的感觉[勰][勰]', '要感谢祖国的支持，希望早日清零、早日通关、早日回臀羧盏姆s[太_心]...', '一个27层的芒果千层蛋糕', '居然得到我家大少的[啊]p', '下一次要做一个30层的']",185,175,23172,会员等级：4级02,认证信息：香港警察
上帝之鹰_5zn,"['上帝之鹰_5zn', '\xa0男/福建    \xa0    ', '不得不提醒大家一句：用极端言论煽动女性群体仇男的拳师账号，皮下未必是真正的女性；同理，用极端言论煽动LGBT群体反华的账号，皮下也未必是真正的LGBT。所以大家打击时一定要注意精准命中，不要动辄横扫一大片，那就中了敌人的分化挑拨之计了。 ', '美军匆匆撤离后留下的东西 ', '意大利球迷疯狂了 ', ' ', '【拍2件 39.9】初吉 代餐乳清蛋白棒共18支', '即食补充能量的蛋白棒，膳食营养，2种口味可选，优质乳清蛋白补充能量，无添加蔗糖，0反式脂肪，高饱腹，易携带！ ', '仁和药业，益生菌类目TOP1', '美军还没完全撤离，澳军就迫不及待地完成撤离了。毕竟在当地欠下的血债太多，人家清算起来可不是好玩的。 ', '埃尔多安宣布：土耳其已经与美国达成协议，将在美军撤离后接管喀布尔机场。塔利班已发出警告，将视土军为占领军。 ', '林郑：已向中央提交报告，争取通过配额形式局部通关，但不会放弃严守的防疫态度 ', '本港新增一例本地感染变种病毒个案，可怕的是感染源头不明 ', ' ', '“光城者”炸弹恐袭案，警方再拘5人，其中包括另一名金主 ']",72787,590,2363434,会员等级：6级02,认证信息：译员，代表作有《迦太基必须毁灭》等 军事博主
武汉身边事,"['武汉身边事', '\xa0女/湖北    \xa0    ', '【乘电梯过天桥！', ' ，还有这些在规划中】近日，位于汉口同济医院附近的一座新建人行天桥――“同济健康天桥”手扶电梯开通运营，方便了不少过往市民。长江日报记者探访发现，武汉已有8座人行天桥加装了电梯，还有多部人行天桥加装电梯已纳入规划。（来源 长江日报） ', ' ', '【', ' 医生提醒：水晶泥含硼砂超标或致死】近日，湖北武汉，9岁的女孩甜甜在家玩水晶泥时，不小心将一小块水晶泥揉入眼中，瞬间便感到疼痛难忍，泪流不止。送医检查后，医生诊断为硼砂入眼导致角膜受损，虽然经过左眼羊膜移植手术，但左眼裸眼视力也只能恢复到0.08。医生提醒...', '【', '】7月10日下午5点半，武汉大学生小文（化名）在欢乐谷高架桥下占道售卖荧光棒，被市容巡查员暂扣货物。小文说一名市容巡查员表示如果给他一点好处，他立即将暂扣的荧光棒还给他。小文随后买了一包烟给该巡查员，巡查员随即将荧光棒还给小文。欢乐谷区域市容管理工...', ' 【湖北大学2021高考录取进度及录取分数线来了！】', ' 2021高考招生录取进度及录取分数线，具体请戳：', ' ', ' 你小时候养过蝈蝈吗？ ', ' ', ' 近日，武汉欢乐谷举办电音节，现场一位保安小哥哥因长相帅气走红，长得神似吴磊，又像极了刘昊然。网友：听演唱会什么的已经不重要了！', '【', ' 市场 虫鸣声唤起童年回忆】很多年前，武汉伢能有一只竹笼子关着的蝈蝈，是夏天最开心的事情之一。随着城市生活变迁，这样的情景难再有，然而，今年夏天刚刚入伏，武汉街头就出现了“笼子里的蝈蝈”，价格不算便宜，却有不少家长愿意给孩子买来感受自己曾经体会过的快乐。你小时候...', '【入伏啦！', '】7月11日，武汉入伏。当日，全市38家游泳场馆开始对中小学生免费开放。据悉，7月11日至30日，全市中小学生可凭有效学生证件(《中学生手册》或《小学生综合素质评价报告书》)进入38家定点游泳场馆免费游泳。每天集中开放时间为9:00至11:00和15:00至17:00...', ' 小调查，你最常用哪种方式过马路？ ', ' ']",123899,2891,1163866,会员等级：7级02,认证信息：微博武汉同城大使 知名本地博主
吃喝玩乐潮北京,"['吃喝玩乐潮北京', '\xa0女/北京    \xa0    ', ' 北京好吃的串，你喜欢哪一家 ', '北京的美食，到底有多讲究？ ', '有多少人被北京鸟巢的烟花表演震撼？你去看烟花了吗？ ', ' ', '最美的长城，你去过几个？ ', ' 在北京的小伙伴，宝藏福利来了！6月10日-29日，上支付宝搜【北京地铁】，每天都能抽地铁免单券，点首页出行还有机会领10张2元地铁券。一台手机，一个支付宝app，带你畅游北京~ ', '外地来北京，这10件事一定要做好，良心推荐！ ', ' ', '北京6个文艺满满的打卡拍照地，强烈推荐给您！ ', '北京这4个避暑胜地不要错过', '在市郊，其实还有一大片遗世独立的净土，在钢筋水泥的现代城市之外，构筑着风光秀丽的世外桃源。 ', '三里屯还有多少你没吃过的美食？ ', '5月就要结束了，这些新开的小店有你喜欢的吗 ']",2380,47,6006822,会员等级：6级02,认证信息：0202本地资讯博主（北京）
吃喝玩乐潮北京,"['吃喝玩乐潮北京', '\xa0女/北京    \xa0    ', ' 北京好吃的串，你喜欢哪一家 ', '北京的美食，到底有多讲究？ ', '有多少人被北京鸟巢的烟花表演震撼？你去看烟花了吗？ ', ' ', '最美的长城，你去过几个？ ', ' 在北京的小伙伴，宝藏福利来了！6月10日-29日，上支付宝搜【北京地铁】，每天都能抽地铁免单券，点首页出行还有机会领10张2元地铁券。一台手机，一个支付宝app，带你畅游北京~ ', '外地来北京，这10件事一定要做好，良心推荐！ ', ' ', '北京6个文艺满满的打卡拍照地，强烈推荐给您！ ', '北京这4个避暑胜地不要错过', '在市郊，其实还有一大片遗世独立的净土，在钢筋水泥的现代城市之外，构筑着风光秀丽的世外桃源。 ', '三里屯还有多少你没吃过的美食？ ', '5月就要结束了，这些新开的小店有你喜欢的吗 ']",2380,47,6006822,会员等级：6级02,认证信息：0202本地资讯博主（北京）
寰亚SYHP,"['寰亚SYHP', '\xa0男/其他    \xa0    ', ' 欧洲杯决赛，开场比赛第2分钟，英格兰队特里皮尔传中，卢克肖破门，英格兰1-0意大利。', '下半场比赛进行到第66分钟，意大利维拉蒂门前头球攻门被扑出，博努奇补射破门，意大利1-1英格兰。', '加时赛双方无进球，点球大战意大利4比3（点球3:2）战胜英格兰队。意...', ' 海地总统遇刺案“关键人物”在佛罗里达被捕、此人自己想当海地总统。', '海地国家警察局长查尔斯表示，警方怀疑一名在美国生活了20多年的海地“医生”萨侬为刺杀事件的幕后主使，并在美国佛罗里达州逮捕了他。', '萨侬虽然自称医生，但没有行医执照，多年来经商失败，一度破产，却为此...', ' 英格兰和意大利的欧洲杯决赛前，狂热的英格兰球迷聚集在伦敦街头举行狂欢。将莱斯特广场变成垃圾场 ', ' ', '意大利那不勒斯，球迷燃放烟花庆祝意大利队夺得', ' 冠军96 ', ' ', '威廉王子、乔治小王子 看一场球赛，经历人生大起大落。', ' ', ' ', ' 大多数人只见开头，没有想到结尾是这样', ' 阿富汗政府在喀布尔测试导弹防御系统。', '塔利班目前的战场策略是放弃进攻人口稠密的大城市，主要担心民众伤亡过大，会引起国际谴责。如无意外，将来塔利班进攻喀布尔的时候，会采用围城策略。 ', ' ', '数据包括235个国家/地区。前10名分别是：', '1中国 1439323776 ', '2 印度 1380004385 ', '3 美国 331002651 ', '4 印尼 273523615 ', '5 巴基斯坦 220892340 ', '6 巴西 212559417 ', '7 尼日利亚 206139589 ', '8 孟加拉国 164689383 ', '9 俄罗斯 145934462 ', '10 墨西哥 128932753 ', ' 遇难人数升至90人 、仍有31人失踪', '当地时间11日，美国佛罗里达州官方宣布，迈阿密公寓倒塌造成的遇难人数已达到90人，修正数据之后，仍有31人下落不明。', '以色列救援队在完成任务之后，当地各部门为他们举行了欢送仪式 ', ' ', '印度古吉拉特邦首席部长阿米特・沙阿在艾哈迈达巴德的贾格纳特神庙给大象喂食 ', ' ']",43294,16,1595522,会员等级：7级02,认证信息：海外资讯博主 资讯视频自媒体
观察者网,"['观察者网', '\xa0男/上海    \xa0    ', '【台湾国民党主席参选人：只有回到马英九时代，两岸才能和平】7月11日，台湾彰化县前县长卓伯源通过脸书宣布参选国民党主席，批评现任主席江启臣丢掉两岸和平的基础“九二共识”，跟随民进党政策，缺乏在野监督的角色与力量。唯有回到前“总统”马英九时代，才能维持两岸和平，进行平等沟通与交流。 ', '【预警升级！', '】上海中心气象台2021年07月12日10时50分发布高温橙色预警[Ⅱ级/严重]：受西太平洋副热带高压影响，预计今天全市大部地区的最高气温将超过37℃，高温黄色预警信号更新为高温橙色预警信号。 ', '【泪目！', '】7月11日，一场《中国医生》的观影活动邀请到了10名北京援鄂医疗队的队员，这些亲历一线抗疫工作的白衣战士，在映后分享时或铿锵有力，或动情泪下。“这个电影让我身临其境，有无数的感动”、“医护人员的天职是救死扶伤，生命比天大”、“不顾个人安危，那是一种本...', '【', '】乱扔垃圾、打架、无票球迷冲击球场、冲撞警察、烧意大利国旗...“臭名昭著”的英格兰球迷又来了。', ' ', '【海地警方：刺杀总统的武装人员受雇于美国公司】海地国家警察局长里昂・查尔斯（Léon Charles）7月10日接受美国《迈阿密先驱报》采访时表示，海地警方怀疑一名在美国生活了20多年的海地“医生”萨侬（Christian Sanon）为刺杀事件的幕后主使，并逮捕了他。', '萨...', '【', '，曾乘宁波至南京高铁】据微信公众号“南京发布”消息，2021年7月9日，南京市雨花台区接安徽省萧县疾控中心协查通知，协查对象肖某为安徽省通报的境外输入新冠肺炎无症状感染者的密切接触者。雨花台区疾控中心立即开展排查，当日下午14时将肖某送至集中隔离点接受医学...', '【', ' 飞船高度未达国际标准被嘲“高空飞机”】太空旅游公司“维珍银河”70岁的创始人理查德・布兰森11日搭乘太空船二号（SpaceShipTwo）到达约86公里高的轨道，体验数分钟的太空失重后成功返回。这个高度被美国联邦航空管理局认证为太空的边缘。这使得布兰森成为首位登上太空的...', '【中国领馆澄清：', '】近日，个别俄罗斯媒体发布消息称“闫文滨总领事对媒体表示，中俄双方将互认中国的科兴疫苗和俄罗斯的‘卫星一V’疫苗，并将于今年9月东方经济论坛期间予以宣布”。驻符拉迪沃斯托克总领馆对此郑重澄清，这一报道完全不属实。目前没有这方面的任何消息。 ', '【', '【哇！', ' ']",137605,1239,17601781,会员等级：7级02,简介:商务合作：market@guancha.cn或加QQ ：2920915625
南都周刊,"['南都周刊', '\xa0男/广东    \xa0    ', '南都周刊传媒""全民影响力盛典""盛装启幕，', '同时揭晓，我们通过独立的视角，客观的舆情分析，结合行业评委、专家意见、网络投票结果和编辑部筛选，最终评选出这份扎实的“全民影响力榜”，紧贴时代脉搏，聚焦最受全民关注的品牌、产品和个人。敬请关注！ ', ' ', '【', '，', '】7月11日，英国维珍集团创始人、70岁的理查德・布兰森搭乘旗下维珍银河的飞船到达86公里高的轨道，体验数分钟的太空失重后，成功返回，成为首位登上太空的商业航天企业创始人。不过，飞行高度超过美国认定的80公里高度即为太空的标准，但未到...', '【', ' 】2020欧洲杯，C罗以5粒进球和1次助攻夺得本届欧洲杯金靴！', '虽然进球数和希克相同，但C罗在助攻数和出场时间上与这位捷克射手相比全部占优，因此他最终也获得了本届欧洲杯金靴奖的的荣誉，而希克则排名射手榜的第二位。 ', ' ', '【', '】7月9日，南京市雨花台区接安徽省萧县疾控中心协查通知，协查对象肖某为安徽省通报的境外输入新冠肺炎无症状感染者的密切接触者。雨花台区疾控中心立即开展排查，当日下午14时将肖某送至集中隔离点接受医学观察。7月9日新冠病毒核酸检测，结果为阴性；7月11日...', '【雨强风大！', '】预计今天，北京市仍有明显降雨，局地雨强较大，雨量可达大雨到暴雨，傍晚减弱；白天大部地区风力4级左右，阵风可达7～8级；暴雨黄色、大风黄色及雷电黄色预警中。受暴雨影响，首都机场已调减航班285班，取消10架次。提醒：周一早高峰，出行注意安全！(...', '【首支抵达东京的中国奥运代表团队伍：正沟通解决', '问题】作为', '队伍，中国帆船帆板队11日开启赛前准备工作，并正与赛会组织方沟通解决入住酒店的防疫漏洞问题。据悉，赛事酒店存在住宿区域不够封闭，海外运动员和其他游客混杂居住的漏洞。（新华社...', '【', '】7月11日0时至24时，云南省新增新冠肺炎本土确诊病例9例（2例为7月9日无症状感染者转为确诊病例），新增境外输入新冠肺炎确诊病例3例。', '截至7月11日24时，云南省现有新冠肺炎确诊病例148例（本土59例，境外输入89例）、新冠肺炎无症状感染者20例（本土1例，境外输入19例）...', '【90秒回顾欧洲杯决赛精彩集锦：英格兰开局闪电破门，意大利点球取胜】北京时间7月12日凌晨，意大利以点球大战3:2、总比分4:3击败英格兰，赢得2020欧洲杯冠军。这也是该球队时隔53年后，再次夺得欧洲杯德劳内杯。一起回顾决赛中的精彩时刻。  （海客新闻）', '...', '【美！', '】7月10日，盛夏雨后，在南京老山、灵谷寺景区等，萤火虫翩翩起舞，网友说这是', '。萤火虫喜栖于潮湿温暖、草木繁盛的地方，最佳观赏时间是晚上7~9点。提醒：文明观赏，避开车灯、闪光灯等光源，否则会惊扰到小精灵们。', '...', '【', ' 房东：已准备起诉】7月8日，河北保定一民宿老板称一女孩租其民宿两月后突然失联，出于担心前去查看，却发现密码锁已被换，强制开锁后发现房间竟变成了垃圾屋。据悉，租客是2001年的，平时又漂亮又时尚。当天房东报警取证，准备到法院起诉。', '...', '【', '】日前，国家市场监督管理总局专门针对主动降噪耳机进行了风险监测，共涉及47家企业的60副耳机，其中25副是头戴式主动降噪耳机，35副是入耳式主动降噪耳机。耳机价格区间在199元到2950元，其中国内品牌耳机20副，国外品牌的主动降噪耳机40副。 ', '国家市场监管总局最终将风...']",46706,447,9614694,会员等级：5级02,认证信息：南都周刊官方微博
环球时报,"['环球时报', '\xa0男/北京    \xa0    ', '【', '】1949年5月27日，上海解放。枪声停息后的第一个清晨，马路两边湿漉漉的地上睡满了解放军战士。在随部队进驻上海的人群中，当时20岁出头的随军摄影师看到这个场景不禁感叹：这就是我们的解放军啊…', ' ', '【50秒看', ' ：巴基斯坦跃升六位，日本跌出前十】', '，2021年7月11日，是', ' 。联合国经济和社会事务部发布的2019年《世界人口展望》报告预测，世界人口将在本世纪末左右达到顶峰，接近110亿。', ' ', '【BBC发布年度报告：一年收到近50万次观众投诉，创历史新高】国广播公司（BBC）日前发布年度报告显示，BBC去年共收到近50万次观众投诉，认为其报道存在“偏见”，投诉数量创下有记录以来新高。', '英国《每日邮报》10日报道称，年度报告显示，2020至2021年度，BBC共收到462255起投诉，比2019至2020年度增...', '【', '  民众大屏幕前蜂拥围观】据路透社7月12日报道，英国维珍银河公司的“团结”号太空船7月11日完成首次满员太空试飞，向其商业太空游计划迈进一步。该公司创始人理查德・布兰森作为机组成员参与此次试飞。美国东部时间11日约10时40分，维珍银河一架双体运输...', '【佛州遇难者升至86，美政府却在宣扬“猫奇迹”】美国佛罗里达州公寓坍塌事故官方统计的遇难人数上周末升至86人。两周的搜救一无所获，一只黑猫却作为“唯一幸存者”受到媒体关注，当地政府更是“邀功般”盛赞这只死里逃生的猫。对于官方高调宣扬“奇迹”的操作，许多民众并不买账，他们质问：这就是搜...', '【被拒签中国学生准备起诉美政府】2020年5月，美国时任总统特朗普签署10043号总统令，打着“防间谍”及“保护知识产权”等幌子，针对中国理工类留学生及学者的赴美学习、交流活动进行严格限制。时隔一年，现任美国政府还在延续这种恶政，相关学科或教育背景的留学生赴美签证仍然遭到无理拒签，拜登政府...', '【郭台铭：完成与BNT疫苗有关合约签署，对疫苗采购过程大陆没有任何指导或干涉】台湾鸿海创办人郭台铭今天（12日）凌晨在脸书发文证实，他的团队已完成与BioNTech（BNT）新冠疫苗有关的合约签署，但还要努力催促到货时间和到货数量，他强调在洽购期间，中国大陆没有对疫苗采购过程有任何指导或干涉。', '...', '【', ' 男子不顾危险冲入洪水中救下一人】', '7月11日，河南焦作，受丹河上游暴雨影响，形成了洪水沿丹河下泄，沁阳、博爱沿丹河两岸受到较大影响。焦作境内沿岸村庄进水，车辆被凶猛的洪水卷走。一男子发现洪水中还有人时，立即冲进去将其救出。...', '【最可爱的人！', '【空场太冷清？', '】近日，东京奥运会宣布部分比赛将空场，为了活跃气氛，日本人或采取一些新措施，比如在看台布置跳舞机器人、放置印有观众人像的横幅、直播观众观看比赛时的表情等。', ' ', ' ']",211463,736,29628449,会员等级：7级02,认证信息：《环球时报》微博
台湾黄豆皮,"['台湾黄豆皮', '\xa0男/北京    \xa0    ', ' 小时候，我曾有个梦想。当一个古生物学家，但随着年纪的增长就把这个梦给淡忘了。下午花了几个钟头搞出土的鸟手龙，让我心满意足。这画面看着还是挺疗愈的。嘤嘤嘤 ', ' ', '昨天晚上被地震u了紫拢感X不是挺大的就^m做自己的事；到了今天凌晨又被地震震醒，感X不太大，又睡回去了，@大概就是一般台橙Φ卣鸬B度了。u久了就T了。', ' ', '髡f中的答非所c打[打][打]', '一下f是流亡政府，F在又f主嗒立，有人是不是太]有原t了？', ' ', '七七事打第一的是', ' FL，他在中人的反侵略中存活了下恚s不幸地死於中人的稹Ｋ泪岜蛔贩槎星上，他今日被安葬在五指山公墓，我的也葬於此。年有他的奚，我才得以有今天的日子。v史，毋忘北平。...', ' 看到圣祖二字的商品，下意识会让我想到康熙，结果看这人的头怎么带着明朝的头冠。翻后面才知道圣祖是缩写：“圣上贡品，祖艺薪传”。真可恶，玄烨他老人家被消费了一下…。我没有很喜欢贡糖，但你们到金门还是可以试试。 ', ' ', ' ', '台车^有P部T，是QΠ墩府在H打禾迟I疫苗的嗬。Π墩府都o法阻止台褓美武器，能阻止台褓疫苗？想成橐家，s]有成橐家有的作椋做不到o人民普Y也做不到^域封城，F在打的疫苗死那N多人。我早就不注意台...', '好啦，我了啦，等你so怼', '美C都落地台沉耍I人都公_o美帝的死狗披麻孝，我再不回w祖，我@些中台橙被奚掉的。 ', ' ', '戆桑我在@e。', '100q了，加油啊。', '我台路h一直都在。 ', ' ', ' ', '《x勇M行曲》不能在微博公_唱，f般o奈下，看碇荒苣e歌碛接明天的百年hc了。下面的歌~是挺有中味的，伴奏豪~又高亢，就Q定是你了。', '「光s啊，我自由的祖，', '兄弟民族的古老盟，', '先x予的智慧凫度嗣瘢', '光s啊，祖！我槟泸傲！」...', '我从没遇过这种问题，因为我的英语发音很难不正确。我在台湾的辛巴克也没遇过店员纠正客人发音的事情，但也没遇过店员发音可以达到我的等级。（我相信有，只是我还没遇过）点单只要能传递信息就够了，发音准确倒是其次，要是在台湾的辛巴克出现这种刁难事，直接投诉脸书...']",1087,119,88304,会员等级：6级02,性取向：女
共青团中央,"['共青团中央', '\xa0男/北京    \xa0    ', '看，万山红遍。', ' ', '纽约地铁被淹，有美国网民“碰瓷”中国地铁，结果……', '【致敬！高空勇士', '【', '】上海复星医药集团7月11日发布公告，公司所属复星实业与台积电、鸿海及永龄基金会日前已签订mRNA新冠疫苗的销售协议。根据协议，复星实业将向上述采购方销售共计1000万剂mRNA新冠疫苗。国台办发言人朱凤莲曾表示，岛内有意愿的县市、民间机构和企业等可以依照正常商...', '【', '】日前，福建一学生发现有人在网上从事危害国家安全的活动，通过拨打12339电话进行举报，经安全部门查实后，成功制止和惩处了这起危害国家安全的事件', '【', '】七一勋章获得者张桂梅创办的全国第一所全免费女子高中，帮助近2000名贫困山区女孩圆了大学梦。为进一步提高丽江华坪女高人才培养能力，现招聘紧缺急需专业技术人才18名：高中语文教师2人、数学教师2人、英语教师2人、政治教师2人、历史教师2人、地理教师2人、物...', '中国奥运代表团首支队伍抵达日本，奥运健儿加油！', '牺牲的救火直升机机长最后一句话：“稳住我来”！', '中国航天员', '，用双手创造美好生活', '【随军摄影师回忆解放军露宿上海街头】1949年5月27日，上海解放。在随部队进驻上海的人群中，一名随军摄影师看到了一个场景，不禁感叹：这就是我们的解放军啊…… ', ' ', '阿富汗民众质问白宫：']",49806,1338,16316952,会员等级：7级02,认证信息：共青团中央官方微博
武汉吃喝玩乐新鲜事,"['武汉吃喝玩乐新鲜事', '\xa0男/湖北    \xa0    ', '近日，湖北武汉。一名64岁老奶奶坚持要给外国男友汇款，这是她今年第三次因网恋被骗。此前她一次被民警拦下，一次被骗5000元，这次对方又提出“借5万还200万”。民警发现骗子连头像都没换，只换了3个身份，奶奶信了3次。', '  ', '【右眼莫名流泪 ', '】据看看新闻消息：最近一个月，武汉市民李先生发现右眼总是无缘无故流泪，他到医院一检查，医生意外发现罪魁祸首就是他鼻腔里有一个囊肿。医生在摘除的过程中，意外发现了一颗牙齿。医生介绍，鼻腔上颌窦长牙并不罕见，但是能长这么大，并且还形成囊肿导致泪...', ' 这么强的短时特大暴雨，武汉逃不过看海了', '来武汉必须要坐一次402公交，它几乎经过武汉每一个值得去的地方。从人声鼎沸的武昌火车站到安静温柔的东湖，从烟火气十足的南京路到商业化小资的武汉天地，在这条公交路线上，我们能遇见更多不一样的武汉~', '武汉的小朱是一名快递小哥，30岁出头的他很想找个女孩恋爱结婚。去年疫情期间，他在社交软件上认识了一名女孩，两人很快确定了恋爱关系。这一年期间，对方以各种理由向小朱要钱，共计近十万元。接警后，民警调查发现，小朱的“女友”其实是一名邋遢的中年男子。目前，嫌疑人已被警方刑事拘留。...', '在湖北武汉，有这样一家特殊的拉面店，环卫工人和残疾人进店吃面一律半价。困难居民实在没钱，现场道声“谢谢”，老板就干脆免费。为了避免对方尴尬，老板在顾客吃完面后从不主动提出“买单”。推出爱心服务3个月来，小店已经为百余人提供服务。', ' ', '6月11日早上7点半，当你刚从睡梦中醒来时，', ' 的操场上已经聚集了2000余名毕业生，举行盛大的毕业典礼。“我们5点多就起来，期待着毕业典礼，一大早大家一起来毕业，感觉很特别。”该校毕业生古皓然说。极目新闻记者获悉，该校多年来都把毕业典礼开在一早，“早上办...', '6月10日，真快乐线下主题沙龙交流活动第二站在武汉楚天传媒大厦举行，现场品牌方代表及媒体代表围绕', '，提出了诸如“老牌零售行业不仅需要冲破行业圈层，又需要推动行业更好的发展。”“让优质与低价共存，真正的做到优质低价还利于消费者，同时用创新的营销模式打动消费者”等精彩...', '6月7日，武汉一高考考场散场后，家长和考生没有留下一片垃圾，10余名环卫工扑了空。一位环卫工介绍，这次为了清洁考场门口的卫生，来了10多名环卫工，但是看到人群散去的考场，几乎没有一片垃圾，心里觉得这一届的考生家长素质很高，比以往高太多了。', '...', ' 近日，湖北武汉。婴儿掉落地铁轨道，一位白衣小伙跳下站台救出，小伙未留下姓名离开。这位平凡英雄已被找到，他叫李俊杰，是一位30岁的父亲，他说只是做了件平常事情。', '  ']",2126,109,5845336,会员等级：6级02,简介:武汉新鲜事，专注武汉！分享武汉的一切吃喝玩乐，让你爱上武汉！
武汉吃喝玩乐新鲜事,"['武汉吃喝玩乐新鲜事', '\xa0男/湖北    \xa0    ', '近日，湖北武汉。一名64岁老奶奶坚持要给外国男友汇款，这是她今年第三次因网恋被骗。此前她一次被民警拦下，一次被骗5000元，这次对方又提出“借5万还200万”。民警发现骗子连头像都没换，只换了3个身份，奶奶信了3次。', '  ', '【右眼莫名流泪 ', '】据看看新闻消息：最近一个月，武汉市民李先生发现右眼总是无缘无故流泪，他到医院一检查，医生意外发现罪魁祸首就是他鼻腔里有一个囊肿。医生在摘除的过程中，意外发现了一颗牙齿。医生介绍，鼻腔上颌窦长牙并不罕见，但是能长这么大，并且还形成囊肿导致泪...', ' 这么强的短时特大暴雨，武汉逃不过看海了', '来武汉必须要坐一次402公交，它几乎经过武汉每一个值得去的地方。从人声鼎沸的武昌火车站到安静温柔的东湖，从烟火气十足的南京路到商业化小资的武汉天地，在这条公交路线上，我们能遇见更多不一样的武汉~', '武汉的小朱是一名快递小哥，30岁出头的他很想找个女孩恋爱结婚。去年疫情期间，他在社交软件上认识了一名女孩，两人很快确定了恋爱关系。这一年期间，对方以各种理由向小朱要钱，共计近十万元。接警后，民警调查发现，小朱的“女友”其实是一名邋遢的中年男子。目前，嫌疑人已被警方刑事拘留。...', '在湖北武汉，有这样一家特殊的拉面店，环卫工人和残疾人进店吃面一律半价。困难居民实在没钱，现场道声“谢谢”，老板就干脆免费。为了避免对方尴尬，老板在顾客吃完面后从不主动提出“买单”。推出爱心服务3个月来，小店已经为百余人提供服务。', ' ', '6月11日早上7点半，当你刚从睡梦中醒来时，', ' 的操场上已经聚集了2000余名毕业生，举行盛大的毕业典礼。“我们5点多就起来，期待着毕业典礼，一大早大家一起来毕业，感觉很特别。”该校毕业生古皓然说。极目新闻记者获悉，该校多年来都把毕业典礼开在一早，“早上办...', '6月10日，真快乐线下主题沙龙交流活动第二站在武汉楚天传媒大厦举行，现场品牌方代表及媒体代表围绕', '，提出了诸如“老牌零售行业不仅需要冲破行业圈层，又需要推动行业更好的发展。”“让优质与低价共存，真正的做到优质低价还利于消费者，同时用创新的营销模式打动消费者”等精彩...', '6月7日，武汉一高考考场散场后，家长和考生没有留下一片垃圾，10余名环卫工扑了空。一位环卫工介绍，这次为了清洁考场门口的卫生，来了10多名环卫工，但是看到人群散去的考场，几乎没有一片垃圾，心里觉得这一届的考生家长素质很高，比以往高太多了。', '...', ' 近日，湖北武汉。婴儿掉落地铁轨道，一位白衣小伙跳下站台救出，小伙未留下姓名离开。这位平凡英雄已被找到，他叫李俊杰，是一位30岁的父亲，他说只是做了件平常事情。', '  ']",2126,109,5845336,会员等级：6级02,简介:武汉新鲜事，专注武汉！分享武汉的一切吃喝玩乐，让你爱上武汉！
早报网,"['早报网', '\xa0女/海外    \xa0    ', '【版权声明】联合早报网（www.zaobao.com，www.zaobao.com.sg）是新加坡《联合早报》旗下官网，互联网上其他以《联合早报》名义运作的网站为侵权网站，违法复制本网站内容，请大家擦亮双眼，阅读和搜索新闻时辨明正品。 ', '【于泽远：中共五代领导人的历史定位】围绕中共建党百年大庆，中共党史成为官方近几个月来的宣传主线，中共五代领导人的历史定位也逐渐清晰。', ' ', '【大量电信诈骗犯从缅回国自首 边境城市瑞丽疫情防控难负荷】从缅甸回中国自首的电信诈骗人员近日暴增，对中缅边境城市瑞丽的疫情防控形成压力。有网络消息称，因返国诈骗犯太多，有云南边境口岸限制每天回国自首人数。', ' ', '【欧锦赛：点球不敌意大利 英格兰冠军梦碎】意大利在欧锦大决赛的点球大战上，以3比2击败英格兰，总比分以4比3夺冠，时隔53年再次捧起欧锦赛冠军。坐镇主场的“三狮军团”英格兰无法打破长达55年的冠军魔咒，未能在主场球迷面前捧杯。', ' ', '【法新社：中共治港从幕后走到台前】近年来，中共在香港逐渐走向舞台中心，这在最近的中共百年党庆活动中尤为突出。中共党旗最近几周如雨后春笋般在香港涌现，伴随着巨大广告牌。香港还首次为中共党庆举办了高规格的活动，包括大型主题展览“百年伟业――庆祝中国共产党成立100周年”、大型座谈会等。...', '【东京奥运会允许观众入场的赛场只剩三个】东京奥组委星期六（7月10日）宣布，在福岛举行的棒球和垒球比赛以及在札幌举行的足球比赛都将禁止观众入内，允许观众进场的奥运会赛场目前只剩下三个。', '据新华社报道，东京奥组委10日发表声明说，福岛县政府前一天通知奥组委，考虑到日本全国的疫情形势，也...', '【科学委员会：要遏制德尔塔传播 法国90%人口须完成接种或曾感染病毒】为法国政府提供健康咨询的科学委员会警告，要遏制德尔塔变种病毒的传播，法国须有90%至95%人口完成疫苗接种或曾感染病毒。', '科学委员会在周五发布的报告中警告，尽管目前疫苗接种率较高，但与德尔塔毒株相关的第四波疫情“可能会很...', '【马冠病确诊病例连续两天达新高 当局加强雪隆重灾区医疗系统抗疫能力】马来西亚单日新增确诊病例连续两天录得历来最高，昨天（7月10日）新增9353起，比前一天的9180起更高。', '马国落实新一轮封锁措施超过一个月，新增病例不减反增，卫生部长阿汉QQ解释，这是因为当局在落实加强行动管制令（行管令）...', '【出任马国副首相第一天 依斯迈拜会阿末扎希引发外界揣测】马来西亚新任副首相依斯迈沙比里周五上任第一天，就到巫统主席阿末扎希的住家拜会，引起关注。', '依斯迈沙比里也是巫统副主席。他日前才公开指大多数巫统最高理事不赞成撤回对首相慕尤丁的支持，被视为是和主张撤换首相的阿末扎希唱反调，因此...', '【凯德上海北外滩来福士综合体开业】冠病疫情没有拖慢新加坡房地产发展商凯德集团在中国开设零售商场的步伐。集团管理层受访时披露，一些在华商场销售额已恢复至疫情前水平，集团也将透过“先孵化、再脱售”的资本循环模式，加快在华扩张速度。', '凯德位于上海北外滩的来福士综合体昨天开业。这是集团在...']",57682,143,3355453,会员等级：3级02,简介:联合早报网 (www.zaobao.com) 是新加坡报业控股属下的网站。以第三只眼看大中华，客观新闻和深度评析是众多亚太区读者的最爱。
搜狐新闻,"['搜狐新闻', '\xa0男/北京    \xa0    ', '【招聘啦！】搜狐新闻招聘内容运营（全职&实习均可）我们能给你：1、有竞争力的薪资；2、超棒的工作环境和工作氛围；3、一年15天的带薪年假、定期体检和其他员工福利。职位详情戳下图↓↓↓ ', '【十多人为追星被困山中报警求救 媒体：“追星闹剧”当休矣】据“越城公安”微信公众号消息，7月7日晚8点，浙江绍兴越城区富盛派出所接到报警称，有十多名“追星族”被困山中。警方赶往现场发现，被困地点山坡陡峭且天色已暗，稍有不慎就会滑落。经过一阵摸索，才在杂草丛中找到了一处下山点，民警用梯...', '【“板蓝根大王”徐镜人离世：“隐形药王”扬子江药业曾坚持不上市不跨界】7月11日，据健康时报等多家媒体报道，7月10日，扬子江药业集团董事长徐镜人在新疆伊犁出差途中因心梗离世，享年77岁。澎湃新闻记者注意到，目前，扬子江药业各主要官方渠道未发布徐镜人离世相关消息，澎湃新闻记者就此向扬子江...', '【', '：人在河南 近期将认亲】7月11日下午，记者从电影《失孤》原型人物郭刚堂处获悉，自己接到的警方通知显示，孩子目前在河南，案件由山东河南两地警方协同办理。“孩子挺好的。”郭刚堂介绍，警方近期将安排认亲，目前与儿子的DNA比对已经成功。此前报道，1997年9月21...', '【河北暴雨致街道成河：多名市民被冲走 有人抱树求生】7月11日，河北邯郸，武安受到暴雨影响，街道成河，凶猛的水流从马路上流过。据河北新闻网报道，河北暴雨多名市民被冲走，有人抱树求生。一辆三轮车侧翻路中，一男子不顾危险，急流中救下被困者。', ' ', '【安徽一地回应三孩准生证问题：可以先生，待具体法规出台后再补办相关证件】近期，“三孩生育手续办理”成为基层面临的一类新问题。有网友通过人民网“领导留言板”反映，其是安徽省黄山市休宁县某村村民，已经怀孕，在当地想办理准生证，工作人员表示不能办理，“国家提倡生育三孩，政策我享受不到、...', '【女子在景区拔孔雀羽毛哄娃 景区：暂未发现孔雀受伤 保留追诉权】10日晚，有网友在社交平台发布视频称，在河北秦皇岛燕塞湖景区内，一个带着孩子的女游客在景区观赏孔雀时，硬拽了一根孔雀羽毛，对此该网友表示：“身为人母，不能这么教育孩子。”11日上午，该景区回复称，暂未发现孔雀受伤，保留对该...', '【广西被当街强塞进车女子发文感谢帮助她的陌生人 警方：案件尚未结案】7月9日凌晨，一女子遭男子强行拖拽塞进车内的视频引发网友关注。9日晚，疑似当事男子在社交平台发布了道歉视频，但随后又删除，双方都表示不追究责任。9日夜间，当事女子回应称，和男子分手原因是被男方多次冷暴力和暴打。最终处...', '【云南16岁高一男生被教职工酒后打耳光，凌晨从宿舍楼坠亡】近日，云南省昭通市盐津县16岁高一学生凌晨坠亡事件引发关注。7月10日，盐津县人民政府办公室相关工作人员告诉记者，盐津县第二中学确有一名学生坠亡。官方通报显示，盐津县第二中学吴某某等7名教职工在对男生宿舍查寝过程中，吴某某对违反带...', '【双面电竞“劝退班”：父母向左，孩子向右】暑假已经开始，成都的一间教室里，十余名少年看着PPT展示的电竞俱乐部招募海报，窃窃私语地讨论着，还有几个少年躲在角落打着游戏。这是成都郫都区的一家“电竞成长衔接班”，这些14-16岁的“游戏沉迷”少年，是家长们从各地特意送来的。在这里，他们每天有...']",21355,286,1478891,会员等级：6级02,认证信息：搜狐新闻官方微博
蓝鲸财经记者工作平台,"['蓝鲸财经记者工作平台', '\xa0女/北京    \xa0    ', '【', '】', '据路透社报道，印度北方邦提出一项管制人口生育超过二胎的提案。提案中指出，如果一对夫妇拥有超过2个孩子，将无法享用国家福利与领取政府补助，并且也无法成为地方政府公职人员。北方邦卫生部长表示，我们制定的这项政策将...', '【鲸视频：', '，不是当人，让它无条件服从你】万通集团创始人冯仑谈到当下妈宝现象的原因时说，“因为我们就一个孩子，家长把孩子当宠物一样，不是当人，当人才。”“宠物就是说，无条件的溺爱它，然后让它无条件服从你。”  ', ' ', ' ', '【重庆银保监局：', ' 防止形成“资金池”】', '近日重庆银保监局印发《关于进一步规范银行业金融机构互联网贷款业务的通知》。《通知》要求加强贷款资金支付和回收管理。银行业金融机构的资金支付和回收必须逐笔确认，单独管理，严禁在支付和回收流程中嵌入不具备合法支...', '【', '】', '天眼查App显示，近日，Levis关联公司利惠商业（上海）有限公司新增一条行政处罚，决定文书号为沪市监静处〔2021〕062020000176号，处罚事由为生产、销售以不合格产品冒充合格产品，处罚结果为没收违法所得66.41788万元，责令停止违法行为，处罚单位为静安区市场监督管理...', '【工信部发布《网络安全产业高质量发展三年行动计划（2021-2023年）（征求意见稿）》】', '7月12日，工信部公开征求对《网络安全产业高质量发展三年行动计划（2021-2023年）（征求意见稿）》的意见。其中提出，到2023年，网络安全产业规模超过2500亿元，年复合增长率超过15%。一批网络安全关键核心技术实...', '【鲸视频：又是这个梗！', ' 】', ' 在赛后的新闻发布会上，博努奇先喝啤酒，再喝可乐。本届欧洲杯，从C罗移走可乐开始，这个梗就变化无穷，反复上演，直到欧洲杯结束……', '【欧美企业争先恐后，“太空游”掀热潮？】', '美国东部时间7月11日上午，公司在新墨西哥州航天发射场进行第四次载人太空试飞。6名参与者中包括公司创始人理查德・布兰森。', '“今年的太空之旅，更像是一场太空竞赛，几位亿万富翁赛跑，看谁能先摆出公关噱头。”美国有线电视新闻网指出。就在9天以后，美国亚...', '【鲸视频：', '曝光 同行者舱内欢呼翻跟头】7月11日，维珍银河公司创始人布兰森乘坐自家飞行器进入太空画面曝光。布兰森在太空中激动发言，称自己曾是仰望星空的少年，如今成年后飞向宇宙。舱内其余几位同行者欣喜体验失重感受。报道称，“团结号”飞行器抵达距离地面约86...', '开盘了，三大指数集体高开。 ', '【鲸视频：欧洲杯落幕，', '】今天凌晨，欧洲杯决赛打响，意大利夺得本届杯赛冠军。据官方数据统计，在近一个月的比赛中，尽管葡萄牙早早被淘汰，中国球迷最关注和喜爱的球星还是C罗，而早上7点是用户访问欧洲杯官方小程序的高峰时期。', '今...']",163551,2594,4524030,会员等级：6级02,简介:中国财经记者社区和信息服务平台
凯雷,"['凯雷', '\xa0男/北京    \xa0    ', '  中国腺病毒新冠疫苗Ⅱ期临床试验，成功了！新冠克星 ', '豆腐渣工程 ', ' ', '北京南站的设计师是谁？判了几年？ ', ' 航天服设计之争貌似落下帷幕，两校声明用行政手段解决了纷争却回避了要害，航天服工业设计到底归谁？如果从起源、立项，及教育部的明确规定三方面分析，航天服知识产权是湘潭大学的。但从湖南大学最初不负责的宣传“湖大设计，成功出舱”，到技术负责人罗建平满口脏话...', '哈哈，fb弹出14年前的一组照片。', '当年香港回归10周年，我是个艺术系学生 ', '哈哈今日最佳！喜欢这个评论：被帝都碾压过，才知道其他城市的慈悲', '我觉得人这辈子还是要去北京待几年，最好是上大学在北京读书，当然不只是因为它深厚的文化底蕴和教育资源，还因为这是个能提升生活幸福感的城市。', '就是只要你在北京生活过，以后再去其他任何城市生活都会觉得比在北京幸福。 by...', '到酒店，暴雨又开始了。这个雨没剧本相当乱！ ', '以告慰毛主席提出的“可上九天揽月”这个夙愿！国家航天局正在计划组织部分月球样品入藏毛主席的故乡湖南韶山进行异地灾备――请改下导语！', ' ', ' ', '我最近对爱因斯坦和相对论产生了怀疑。有人告诉我有中国学者声称推翻了相对论，我觉得值得大家重视。不管他是错的还是对的，总的说来，对爱因斯坦和相对论的怀疑值得重视。', '其实自从爱因斯坦发表相对论以来，就有很多争议。极少人能真的理解相对论，用来证明它的那些“科学实验”，也是普通人无法亲眼...', '暴雨终于停了，全身湿透，发套也没了，打算住在酒店！ ', '//', ':哈哈，叫你再探再报。', '到酒店，暴雨又开始了。这个雨没剧本相当乱！ ']",48182,5054,1869125,会员等级：7级02,认证信息：资深媒体人 头条文章作者
香港文RW,"['香港文RW', '\xa0男/广东    \xa0    ', '【', ' 】海地国家警察局长里昂・查尔斯（Leon Charles）7月10日接受美国《迈阿密先驱报》采访时表示，海地警方怀疑一名在美国生活了20多年的海地“医生”萨侬（Christian Sanon）为刺杀事件的幕后主使，并逮捕了他。有证据显示，萨侬与一家总部设在美国的私人安保公...', '【林郑：已就香港疫情向中央呈报告\u3000无通关硬指标】一名在机场担任搬运工的50岁男子昨日确诊，列为源头不明个案，本地“零确诊”又断缆，通关再现危机。行政长官林郑月娥今日（12日）在一个电台节目表示，已就本港疫情向中央提交报告，当中表达各界强烈诉求，希望可以逐步有序局部通关，但强调并无通关...', '【现场画面！', '】中国空间站卫生区长什么样？航天员如何“装修”卫生区？“装修”过程中发生了什么趣事？戳视频↓', ' ', ' ', '【警方国安处再拘5人\u3000或涉“光城者”土制炸弹案】有港媒今日（12日）报道，消息指，警方国安处再拘捕多5人，怀疑跟之前“港独”组织“光城者”涉嫌制造土制炸弹案有关。', ' ', ' ', ' ', '【上海复星与台企签1000万剂疫苗供货\u3000郭台铭：大陆无干涉】', '\u3000上海复星医药集团11日在上海证券交易所发布公告，该公司所属复星实业与台积电、鸿海及永龄基金会日前已签订mRNA新冠疫苗的销售协议。根据协议，复星实业将向上述采购方销售共计1,000万剂该款疫苗。', '...', '发布了头条文章：《2021年7月12日（周一）早安香港》 ', '1.林郑月娥昨日出席电台节目时表示，香港解决问题的取向一定要以“一国”为本，“港独”必定是不能接受，任何国家也如是。', '2.一名机场搬运工人确诊新冠肺炎，列为本地源头不明个案，香港连续33天本地零确诊断缆，机场数万名员工须接受强制检测。', '3...', '【', ' 】近日，日本记者在跟拍奥运代表团入境日本时发现漏洞。有两名阿富汗代表团成员由于语言问题，入境日本时混进了普通乘客之中。经过一段时间的等待，最终阿富汗代表团核酸检测结果全员阴性。但NHK记者在报道中称，如果混在普通乘客中的两人携带病毒，那么现在可能已经传...', '【', '】11日晚上，有记者从电影《失孤》原型郭刚堂处获悉，他失散多年的儿子郭振已经找到。据了解，郭振在河南，郭刚堂与儿子郭振DNA比对成功，案件是由山东河南两地警方协同破获。郭刚堂表示，下周会有发布会，在此之前，具体细节还不便透露。...', '【中国首支抵达奥运代表队：日赛事酒店存防疫漏洞】东京奥运会将于7月23日揭幕。作为首支抵达日本东京的中国奥运代表团队伍，中国帆船帆板队今日（11日）开启赛前准备工作，并正与赛会组织方沟通解决入住酒店的防疫漏洞问题。', '据随队到达日本的中国帆船帆板运动协会主席张小冬介绍，队伍在防疫方面有...', '【', '】现年70岁的英国维珍航空创办人布兰森，在北京时间今晚10时30分，乘坐旗下太空旅游公司维珍银河的太空飞船“团结号”升空，前往太空边缘，开启新一代商业太空旅游产业。亚马逊创办人贝索斯亦计划本月20日透过旗下公司蓝源展开太空旅行，若布兰森的任务成功，将会抢先贝...']",90447,460,1798822,会员等级：5级02,简介:立足香港 背靠祖 射海外
公子孟无咎,"['公子孟无咎', '\xa0男/湖北    \xa0    ', '看个电视剧而已，怎么老有人往男女对立上推。除开角色问题外，还有一点是李泽锋的粉丝基础比张月多。粉丝多的艺人，即便演了十恶不赦的反面角色，也都容易被宽待，比起角色，他们本人得到的关注更多，顶多是造梗完事儿。', '但粉丝没那么多的演员，或者说新人演员就比较可怜了，没粉丝基础，观众也对演员...', ' 随着高考分数以及各地录取定档线的确定，有的家长会因为孩子考得好，而欢天喜地，有的家长会因为孩子考得差，而愁眉苦脸。', '考得好的孩子，自然不用多说，可以选择一个理想的大学，进入人生的另一个阶段；而考得差的孩子，则需要面临的问题就多得多，首先要面对的就是如...', '上门女婿过得惨，有时候也是因为丈母娘难缠。', '这种做妈的，会想尽办法控制女儿的一切，能挣脱的，估计早就挣脱了；挣不脱的，或者喜欢这种模式的，最后就变成了唯唯诺诺、对妈妈言听计从的妈宝女。之前就有过“丈母娘性格太强势，女婿8年4次起诉离婚”的新闻。', '但在舆论上，我们很少提妈宝女。是因为...', '武汉算低风险区吧？好久没去看电影了。 ', '关于岑怡诺这个孩子，我是觉得挺可惜的。', '看了网上传的视频，就演讲上的气势、形体和表现力，客观上都蛮优秀的。很多人可能练一辈子都到不了她这种自如的水平，这也许就是她的天赋所在。', '但就讲的东西来说，我觉得和传销没什么差别。说的不好听，这就是父母把她嵌入到了一个错误的模板中。这个模板，...', '昨天和一些老哥们聊彩礼的话题，各地方彩礼差不多是下面这样的：', '1.江苏  10万往上 （不过男的给多少女的还多少，还得贴一部车。）', '2.山西   临汾16万  太原 18.8万（潜在一般男方得准备套新房）晋中 16.6万，18.8万', '3.山东 鲁中 10001，31800，61800，菏泽  10万起步 鲁南 彩礼比较低或者没有', '4....', '【男朋友答应入赘，但要求给20-30W彩礼，该不该给？如果要给，给多少合适？】', '咨询原文如下：', '孟叔，前两天我看了你写的关于上门女婿的案例，觉得还是有点片面了。现实中很多男生选择入赘女方很可能是原生家庭给他伤害太大。我男朋友就是这样。', '他出生没多久亲生父亲就跟别个跑了，他妈妈改嫁两次，...', '甭管男性、女性，但凡想要经营好婚姻，对于出轨都是深恶痛绝的。以至于闻到一丝不对的气息，就会气急败坏。', '这种情形，在上门女婿身上表现得更为明显。', '我觉得有两个很重要的原因：', '第一是，男的之所以会上门，基本都有“经济条件不如女方”这样一个前置条件，或多或少影响到了男性在家里的话语权。...', '想到了一个兄弟跟我讲的事，他上学时放假出去玩，喜欢住青旅。既便宜，又可以和在路上的人交流，', '有一次，订房间的时候看到了一个男女混住的房间，有点紧张，就订了一个四人房的，然后下午到了，放下东西，出去玩了，晚上回来时候，怀着无比激动的心情，推开门发现，里面两个男的，算上他，晚上三个男...', '上门女婿，给我的感觉就是两头难。', '讲一个典型案例。', '男方与女方家住的不远，也就一个地方的农村与县城之分。婚后，男方与丈母娘一家同住。照理说，这住的近，常回自家看看也是情理之中，但女方就是不让。所以男的都是偷偷回去。', '后来女方发现了，说你这回的太勤，是不是还没断奶。并扬言，如果再这...']",1301,369,115907,会员等级：5级02,简介:新时代门当户对婚姻观的提倡者，反女权人士，宠妻狂魔及大男子主义人士。
武汉热事,"['武汉热事', '\xa0女/湖北    \xa0    ', '【', '引家长愤怒】近日，湖北武汉，王女士发现最近半个月，她儿子把存了几年的压岁钱，都拿去购买了印着奥特曼和怪兽形象的纸质卡片。6000多元换来一堆纸卡片，这让王女士愤怒又无可奈何：生火都点不着！华中师范大学教育学院教授认为，在成年人看来不起眼的小卡片，可以为孩子...', '武汉小龙虾~YYDS！全国小龙虾排行榜TOP1 ', '【', '】又到大学毕业季，今年武汉约有32.7万名大学应届毕业生，其中62.1%有意向留在武汉发展，这一比例较去年增加19个百分点。武汉应届大学毕业生平均薪资待遇则较去年上涨7.2%，其中本科生平均月薪约7000元，同比上涨12%。via: ', ' ', '【动物也要过端午！', '】6月12日，湖北武汉，某极地海洋公园的北极熊吃上了特制的""冰粽子""。保育员介绍，每个""冰粽子""约20斤左右，由特制模具制成。北极熊对这种新形状的食物感到很新奇，一口就吃掉了一大部分，其中水果馅的粽子最受欢迎！目前，粽子已被全部吃光光。via:...', '【', '】近日，4岁的武汉男童琛琛因发热进了医院，经检查医生发现，琛琛的咽后壁有疱疹，咽喉部位有充血迹象，随后被诊断为疱疹性咽峡炎。据介绍，疱疹性咽峡炎是一种常见的急性上呼吸道感染性疾病，主要由肠道病毒感染引起，通过粪便、呼吸道飞沫传播，一般主要侵犯6岁以下的...', '【', '奶爸：知道了妈妈的不易】近日，武汉一奶爸独自带孩子逛公园时，遇宝宝大便却未带纸尿裤。妈妈帮忙在网上火速下单全套装备。面对前来送货的配送小哥，心急的奶爸拎起孩子一路小跑迎接。没想到配送小哥竟是带娃高手，发现奶爸不会换尿布，全程上演教科书级别指导，...', '【', '：看了答案也不理解', '【', '：看了答案也不理解', '真快乐“新消费 新零售 重振武汉市场活力――新趋势下的零售结构研讨会”武汉站线下主题沙龙会上，真快乐率先为', '付出实际行动，提供榜样力量。真快乐线上线下双平台发展，以业态功能、场景力和体验感的相互衔接，迭代零售模式。而其在今年年初推出的', 'APP更是任重而道远，是...', '【', '！', '：当父亲的本能']",5823,505,4192337,会员等级：5级02,认证信息：02本地资讯博主（武汉）
真当没想到,"['真当没想到', '\xa0男/浙江    \xa0    ', '发布了头条文章：《潜伏在黎明之前》  ', ' ', '相比很多发达国家，我们国家的利息还有蛮大的下降空间。现在五年期LPR是4.7%，五年后可能会降到4%。原因就是货币越来越多 ', '车主绝对人才 ', '听央行的画外音，好像是近期不打算降准了 ', '我在读书的时候，有一对华人老头老太太，想找个司机，周一到周四每天早上接一下，中午送回家，车程单趟约半小时，再顺便把家里的垃圾桶推到路边，因为年纪大了，推垃圾桶感觉有点吃力了，一个月开出的工资是800美元，就这样，还没什么人愿意干。 ', '马上又要降准了，呵呵，稳健中性 ', '我请晓峰关注一下ST，不是挺好的，风险该释放的都释放了，再出雷的可能性几乎很小了。 ', '就是欠收拾 ', '我对现代医学是很有兴趣的，可惜当时读书不够好，不够条件上国内医学系，而美国的大学医学院，基本上不接受国际生申请。', '我希望读书好的孩子，尽可能读医学博士，治病救人拿高薪，一举两得 ', 'ST万方：因为营收不足1亿，带帽', '看点1：公司转型疫苗。', '看点2：收购铸鼎工大，涉足军工。业绩承诺2300万。', '看点3：一季度营收3000万，利润1600万。', '看点4：小市值，低位。', '何时开涨，不知道 ', '建议晓峰同志来玩ST，可好玩了 ']",16634,30,552501,会员等级：7级02,认证信息：财经博主
真当没想到,"['真当没想到', '\xa0男/浙江    \xa0    ', '发布了头条文章：《潜伏在黎明之前》  ', ' ', '相比很多发达国家，我们国家的利息还有蛮大的下降空间。现在五年期LPR是4.7%，五年后可能会降到4%。原因就是货币越来越多 ', '车主绝对人才 ', '听央行的画外音，好像是近期不打算降准了 ', '我在读书的时候，有一对华人老头老太太，想找个司机，周一到周四每天早上接一下，中午送回家，车程单趟约半小时，再顺便把家里的垃圾桶推到路边，因为年纪大了，推垃圾桶感觉有点吃力了，一个月开出的工资是800美元，就这样，还没什么人愿意干。 ', '马上又要降准了，呵呵，稳健中性 ', '我请晓峰关注一下ST，不是挺好的，风险该释放的都释放了，再出雷的可能性几乎很小了。 ', '就是欠收拾 ', '我对现代医学是很有兴趣的，可惜当时读书不够好，不够条件上国内医学系，而美国的大学医学院，基本上不接受国际生申请。', '我希望读书好的孩子，尽可能读医学博士，治病救人拿高薪，一举两得 ', 'ST万方：因为营收不足1亿，带帽', '看点1：公司转型疫苗。', '看点2：收购铸鼎工大，涉足军工。业绩承诺2300万。', '看点3：一季度营收3000万，利润1600万。', '看点4：小市值，低位。', '何时开涨，不知道 ', '建议晓峰同志来玩ST，可好玩了 ']",16634,30,552501,会员等级：7级02,认证信息：财经博主
徐记观察,"['徐记观察', '\xa0男/浙江    \xa0    ', 'V+会员。欢迎进入玩梗的时事撸串局。群里不定期语音放送。请自备防爆设备。目前已经发文120篇会员专属文章咯。包年优惠券6. 5折。ios用户需用safari打开链接', '文章系列精选：', '灯塔激变系列', '...', ' 这位盛赞的大英素质和英伦贵族精神。她对中国的评价似乎反噬给了无敌的大英了。', '【', '】英格兰和意大利的欧洲杯决赛前，狂热的英格兰球迷聚集在伦敦街头，期盼“足球回家”。热情能理解，但“足球”也不希望自己家里都是垃圾吧', '死鸭子嘴硬', '意呆利终于夺冠了，上次看他们夺冠还是2006年，那会', '李寻欢和啊飞在二十年后落差有这么大吗？', '美国的模式绝对不会崩盘，现在有人谈美国要崩盘了，还是从中国人的思想体系去看问题，道理很简单，这个世界只要还有一个唯利是图的人，美国的模式就不会崩盘，美国的制度的关键是什么，就是承认唯利是图是对的，并且美国的唯利是图是上升到国家层面，从美国的宪法开始就是保护的，美国的体制为什么他们...', '【成都女孩弃港大68万港元奖学金，将去北大读马克思主义理论】', ' 今年高考文科总分643分的四川成都女孩王艺瑾放弃了香港大学法学院的录取通知书和68.4万港元的全额奖学金，选择了填报北京大学马克思主义学院的马克思主义理论专业。', '“做这个选择的时候我还是挺果断...', '又是一年的洪水，看本省电视台新闻，汛期来了，热了这么久，开始准备防洪！四川巴中达州洪水来袭 ，子弟兵一如既往！ ', '李寻欢和啊飞在二十年后落差有这么大吗？', '这一段深有体会，与大家一起共勉，时时自我反省，教员的批评发人深省，虽然不是党员，却对自己认识世界的方式和理论都有很深刻的改变和提升。 ']",49864,1924,3253308,会员等级：6级02,简介:言之有物，言之有理。为中国和社会公约良俗说点话做点事。
人民网,"['人民网', '\xa0男/北京    \xa0    ', '【', '【', '】最近，上海，一9岁孩子患上盘状半月板损伤撕裂，接受了手术治疗。据悉，这名儿童从4岁就开始学习拉丁，已有5年时间。医生表示，拉丁舞对肌肉和骨骼的冲击很强，建议不要太早学习。可以先接触一些对身体负荷没那么大的舞种。', ' ', ' ', '【', ' 公园：已制止并上报】近日，有网友爆料称北京石景山老山公园内，有摄影爱好者用强光手电照射一窝猫头鹰雏鸟进行拍摄。据悉，白天有不少拿着相机的游客在拍鸟。有人会吹口哨引起鸟儿注意，一些影响拍摄的树枝也被折断。公园工作人员介绍，他们及时制止了手电照鸟的行...', '【', '】刚刚，国家航天局探月与航天工程中心在京举行嫦娥五号任务第一批月球科研样品发放仪式，标志着月球样品科学研究工作正式启动。经审核，来自13所科研机构的31份申请获得通过。', ' ', '【暖！', '【', '】10日，云南昆明。主人切见手青的时候，菌子的尾部掉地上被狗狗误食，随后狗狗从客厅舔到餐厅，一直在空咬骨头。主人表示，第二天狗狗没有大碍了。 温馨提示：不要采集和食用不熟悉的菌类；不论哪种野生菌一定要炒熟煮透；吃完后如有不适，应立即前往正规医疗机构治...', '【', '】中国空间站卫生区长什么样？航天员如何“装修”卫生区？“装修”过程中发生了什么趣事？详戳↓↓', '（中国载人航天）', '  ', ' ', '【人民日报评论员：新征程上，必须加强中华儿女大团结】当今世界正经历百年未有之大变局，实现中华民族伟大复兴正处于关键时期。越是接近目标，越是形势复杂，越是任务艰巨，越要发挥中国共产党领导的政治优势和中国特色社会主义的制度优势，把各方面智慧和力量凝聚起来，形成...', '【', '】“我能行，只要付出更多努力”…近日，“无臂男孩”彭超收到了', ' 研究生录取通知书。6岁时，彭超不幸触碰电线导致双臂截肢。他以脚代手、生活自理。2015年，彭超以603分的高考成绩被', ' 法学院录取。彭超表示自己未来有攻读博士的想法，“我会继续努...', '【', '】7月11日0时至24时，云南省新增新冠肺炎本土确诊病例9例（2例为7月9日无症状感染者转为确诊病例），新增境外输入新冠肺炎确诊病例3例。', '截至7月11日24时，云南省现有新冠肺炎确诊病例148例（本土59例，境外输入89例）、新冠肺炎无症状感染者20例（本土1例，境外输入19例），均...']",195809,1042,79559453,会员等级：7级02,简介:报道全球 传播中国
观察者网,"['观察者网', '\xa0男/上海    \xa0    ', '【台湾国民党主席参选人：只有回到马英九时代，两岸才能和平】7月11日，台湾彰化县前县长卓伯源通过脸书宣布参选国民党主席，批评现任主席江启臣丢掉两岸和平的基础“九二共识”，跟随民进党政策，缺乏在野监督的角色与力量。唯有回到前“总统”马英九时代，才能维持两岸和平，进行平等沟通与交流。 ', '【预警升级！', '】上海中心气象台2021年07月12日10时50分发布高温橙色预警[Ⅱ级/严重]：受西太平洋副热带高压影响，预计今天全市大部地区的最高气温将超过37℃，高温黄色预警信号更新为高温橙色预警信号。 ', '【泪目！', '】7月11日，一场《中国医生》的观影活动邀请到了10名北京援鄂医疗队的队员，这些亲历一线抗疫工作的白衣战士，在映后分享时或铿锵有力，或动情泪下。“这个电影让我身临其境，有无数的感动”、“医护人员的天职是救死扶伤，生命比天大”、“不顾个人安危，那是一种本...', '【', '】乱扔垃圾、打架、无票球迷冲击球场、冲撞警察、烧意大利国旗...“臭名昭著”的英格兰球迷又来了。', ' ', '【海地警方：刺杀总统的武装人员受雇于美国公司】海地国家警察局长里昂・查尔斯（Léon Charles）7月10日接受美国《迈阿密先驱报》采访时表示，海地警方怀疑一名在美国生活了20多年的海地“医生”萨侬（Christian Sanon）为刺杀事件的幕后主使，并逮捕了他。', '萨...', '【', '，曾乘宁波至南京高铁】据微信公众号“南京发布”消息，2021年7月9日，南京市雨花台区接安徽省萧县疾控中心协查通知，协查对象肖某为安徽省通报的境外输入新冠肺炎无症状感染者的密切接触者。雨花台区疾控中心立即开展排查，当日下午14时将肖某送至集中隔离点接受医学...', '【', ' 飞船高度未达国际标准被嘲“高空飞机”】太空旅游公司“维珍银河”70岁的创始人理查德・布兰森11日搭乘太空船二号（SpaceShipTwo）到达约86公里高的轨道，体验数分钟的太空失重后成功返回。这个高度被美国联邦航空管理局认证为太空的边缘。这使得布兰森成为首位登上太空的...', '【中国领馆澄清：', '】近日，个别俄罗斯媒体发布消息称“闫文滨总领事对媒体表示，中俄双方将互认中国的科兴疫苗和俄罗斯的‘卫星一V’疫苗，并将于今年9月东方经济论坛期间予以宣布”。驻符拉迪沃斯托克总领馆对此郑重澄清，这一报道完全不属实。目前没有这方面的任何消息。 ', '【', '【哇！', ' ']",137605,1239,17601804,会员等级：7级02,简介:商务合作：market@guancha.cn或加QQ ：2920915625
头条新闻,"['头条新闻', '\xa0女/北京    \xa0    ', '【', '】据', ' 消息：受雷雨天气影响，北京首都机场、大兴机场共计调减航班441班。首都机场今日计划起降航班797架次，提前会商调减285班。大兴机场今日计划执行航班598架次，全天调减航班156班。请出行旅客及时留意航班信息，合理安排出行。', ' ', '【都知道熬夜伤身，', '？】要说一天当中什么时候是最舒服的，那还真是晚上临睡觉前的这段时间。刷刷剧、玩会游戏……可一不留神儿就到了晚上11点，面对这“诱人”的剧情和游戏，很多人果断选择继续熬！2007年，世卫组织把熬夜的致癌性列为2A级，还有研究表明，熬夜可能导致焦虑抑郁、...', ' 【这场雨有多大？全市做好打持久战准备！】截至7月12日6时，全市平均降雨量45.7毫米，城区平均53.2毫米，最大降雨出现在房山新村92.4毫米，目前降雨还在持续，全市已做好打持久战的准备。截至目前，市排水集团启动一级响应，累计备勤出动防汛人员2906人，对城区主要桥区、道路设施...', '【忘记包厢还有一桌客人，粗心老板直接锁门回家，到家接到电话懵了】据', ' 消息：7月11日，安徽合肥。一饭店老板下班回家，到家后接到电话，才发现饭店楼上包厢里还有一桌客人没有走，被锁在里面了。原来，当时客人提前买了单，系统上显示没有单了，老板便以为没有...', '【男子医院照顾老婆间隙偷偷走廊撸串，喝到开心时回头看见老婆后瑟瑟发抖】据', ' 消息：7月11日，吉林长春，老婆住院不能进食，老公看护间隙偷偷在走廊“撸串子”，喝到开心处回头看见老婆，当场傻了！网友:代入感太强，已经开始害怕了！', ' ', '【', ' 物业：当时地面有人警示 防止坠物伤人】据', ' 消息：7月8日，广东佛山，居民高层楼内一名女子拿着扫帚将大量碎玻璃扫落楼下，飘飘洒洒地往外洒，看上去极度危险。中南远洋物业经理钟先生称，当天业主发现双层玻璃，外面那层爆了，不方便向里面扫，就通知物业去弄...', '【', '，让留守孩子有读书的地方】据', '  消息：湖南湘西，先天性肢残的向民志，为了让留守孩子有个读书的地方，借款修建了50平米的农家书屋，2017年已正式开放。如今，他还将自己的老宅也改造成书屋，扩建到150多平米，还设了儿童之家，目前书籍已达6000册。向民志...', '【莫疏忽！', '】据', ' 消息：两年前家长发现小帆胸背部隆起不对称，但并未在意。不料脊柱侧弯竟从40度发展为79度，急需手术。专家表示，脊柱侧弯多发于青少年时期，女性多于男性。脊柱侧弯无法预防，但', '。双肩不等高、背部不对称等...', '【', '，员工要求经济补偿，官司竟打到高院，法院：赔5.4万】叮，打工人的工资到账了！不过，工资什么时候发却大有讲究，深圳一家公司就因为每月20日发上个月的工资吃了“大亏”。员工以公司未按照规定及时足额支付劳动报酬为由解除劳动关系，并要求公司支付经济补偿金。双方因...', '【', '】据新京报消息：7月11日上午，北京连续发布暴雨黄色预警、大风黄色预警。16时30分许，海淀公安分局凤凰岭派出所接到群众求助，称其在凤凰岭山中受伤并且迷路，希望警方进行救援。经过民警、消防员、北斗救援队多方搜救，5个多小时后，被困者被冒雨营救下山。', '民...']",211584,1649,103515321,会员等级：6级02,认证信息：24小时播报热点资讯
香港中通社,"['香港中通社', '\xa0男/香港    \xa0    ', '【林月娥：已就局部通P向中央提交蟾妫Ko通P硬指耍', '【F霎面！航天T看f明b修空g站l生^', '【河南暴雨引l洪扯嘬被_走，男子不危U_入洪水中救下一人', '台扯智森：中A号的r代使命是要FY起恚迎接即⒌淼闹人的世o！（l碓矗', ' ）', ' ', ' ', ' ', ' ', ' ', ' ', ' ', '香港警方再多拘捕5人包括金主 涉“光城者”u土u炸案 ', ' ', '【你怎N看？香港台推“　r段，首播旅　短手就位》', '【郭台：完成cBNT疫苗合s署，大]褓^程M行任何指Щ蚋缮妫', '【＜遥盒『⑺杏X]奶，8小r以上睡眠更有利於大Xl育！', '【男孩戴觳憋L扇睡X...被吹面c', '美表B不支持“台”，新h前主席郁慕明提醒：不要太高d，美也不挺y一！（l碓矗', ' ）', ' ', ' ', ' ', ' ', ' ']",54883,407,732826,会员等级：6级02,认证信息：香港中通社官方微博
头条新闻,"['头条新闻', '\xa0女/北京    \xa0    ', '【', '】据', ' 消息：受雷雨天气影响，北京首都机场、大兴机场共计调减航班441班。首都机场今日计划起降航班797架次，提前会商调减285班。大兴机场今日计划执行航班598架次，全天调减航班156班。请出行旅客及时留意航班信息，合理安排出行。', ' ', '【都知道熬夜伤身，', '？】要说一天当中什么时候是最舒服的，那还真是晚上临睡觉前的这段时间。刷刷剧、玩会游戏……可一不留神儿就到了晚上11点，面对这“诱人”的剧情和游戏，很多人果断选择继续熬！2007年，世卫组织把熬夜的致癌性列为2A级，还有研究表明，熬夜可能导致焦虑抑郁、...', ' 【这场雨有多大？全市做好打持久战准备！】截至7月12日6时，全市平均降雨量45.7毫米，城区平均53.2毫米，最大降雨出现在房山新村92.4毫米，目前降雨还在持续，全市已做好打持久战的准备。截至目前，市排水集团启动一级响应，累计备勤出动防汛人员2906人，对城区主要桥区、道路设施...', '【忘记包厢还有一桌客人，粗心老板直接锁门回家，到家接到电话懵了】据', ' 消息：7月11日，安徽合肥。一饭店老板下班回家，到家后接到电话，才发现饭店楼上包厢里还有一桌客人没有走，被锁在里面了。原来，当时客人提前买了单，系统上显示没有单了，老板便以为没有...', '【男子医院照顾老婆间隙偷偷走廊撸串，喝到开心时回头看见老婆后瑟瑟发抖】据', ' 消息：7月11日，吉林长春，老婆住院不能进食，老公看护间隙偷偷在走廊“撸串子”，喝到开心处回头看见老婆，当场傻了！网友:代入感太强，已经开始害怕了！', ' ', '【', ' 物业：当时地面有人警示 防止坠物伤人】据', ' 消息：7月8日，广东佛山，居民高层楼内一名女子拿着扫帚将大量碎玻璃扫落楼下，飘飘洒洒地往外洒，看上去极度危险。中南远洋物业经理钟先生称，当天业主发现双层玻璃，外面那层爆了，不方便向里面扫，就通知物业去弄...', '【', '，让留守孩子有读书的地方】据', '  消息：湖南湘西，先天性肢残的向民志，为了让留守孩子有个读书的地方，借款修建了50平米的农家书屋，2017年已正式开放。如今，他还将自己的老宅也改造成书屋，扩建到150多平米，还设了儿童之家，目前书籍已达6000册。向民志...', '【莫疏忽！', '】据', ' 消息：两年前家长发现小帆胸背部隆起不对称，但并未在意。不料脊柱侧弯竟从40度发展为79度，急需手术。专家表示，脊柱侧弯多发于青少年时期，女性多于男性。脊柱侧弯无法预防，但', '。双肩不等高、背部不对称等...', '【', '，员工要求经济补偿，官司竟打到高院，法院：赔5.4万】叮，打工人的工资到账了！不过，工资什么时候发却大有讲究，深圳一家公司就因为每月20日发上个月的工资吃了“大亏”。员工以公司未按照规定及时足额支付劳动报酬为由解除劳动关系，并要求公司支付经济补偿金。双方因...', '【', '】据新京报消息：7月11日上午，北京连续发布暴雨黄色预警、大风黄色预警。16时30分许，海淀公安分局凤凰岭派出所接到群众求助，称其在凤凰岭山中受伤并且迷路，希望警方进行救援。经过民警、消防员、北斗救援队多方搜救，5个多小时后，被困者被冒雨营救下山。', '民...']",211584,1649,103515322,会员等级：6级02,认证信息：24小时播报热点资讯
蓝鲸财经记者工作平台,"['蓝鲸财经记者工作平台', '\xa0女/北京    \xa0    ', '【', '】', '据路透社报道，印度北方邦提出一项管制人口生育超过二胎的提案。提案中指出，如果一对夫妇拥有超过2个孩子，将无法享用国家福利与领取政府补助，并且也无法成为地方政府公职人员。北方邦卫生部长表示，我们制定的这项政策将...', '【鲸视频：', '，不是当人，让它无条件服从你】万通集团创始人冯仑谈到当下妈宝现象的原因时说，“因为我们就一个孩子，家长把孩子当宠物一样，不是当人，当人才。”“宠物就是说，无条件的溺爱它，然后让它无条件服从你。”  ', ' ', ' ', '【重庆银保监局：', ' 防止形成“资金池”】', '近日重庆银保监局印发《关于进一步规范银行业金融机构互联网贷款业务的通知》。《通知》要求加强贷款资金支付和回收管理。银行业金融机构的资金支付和回收必须逐笔确认，单独管理，严禁在支付和回收流程中嵌入不具备合法支...', '【', '】', '天眼查App显示，近日，Levis关联公司利惠商业（上海）有限公司新增一条行政处罚，决定文书号为沪市监静处〔2021〕062020000176号，处罚事由为生产、销售以不合格产品冒充合格产品，处罚结果为没收违法所得66.41788万元，责令停止违法行为，处罚单位为静安区市场监督管理...', '【工信部发布《网络安全产业高质量发展三年行动计划（2021-2023年）（征求意见稿）》】', '7月12日，工信部公开征求对《网络安全产业高质量发展三年行动计划（2021-2023年）（征求意见稿）》的意见。其中提出，到2023年，网络安全产业规模超过2500亿元，年复合增长率超过15%。一批网络安全关键核心技术实...', '【鲸视频：又是这个梗！', ' 】', ' 在赛后的新闻发布会上，博努奇先喝啤酒，再喝可乐。本届欧洲杯，从C罗移走可乐开始，这个梗就变化无穷，反复上演，直到欧洲杯结束……', '【欧美企业争先恐后，“太空游”掀热潮？】', '美国东部时间7月11日上午，公司在新墨西哥州航天发射场进行第四次载人太空试飞。6名参与者中包括公司创始人理查德・布兰森。', '“今年的太空之旅，更像是一场太空竞赛，几位亿万富翁赛跑，看谁能先摆出公关噱头。”美国有线电视新闻网指出。就在9天以后，美国亚...', '【鲸视频：', '曝光 同行者舱内欢呼翻跟头】7月11日，维珍银河公司创始人布兰森乘坐自家飞行器进入太空画面曝光。布兰森在太空中激动发言，称自己曾是仰望星空的少年，如今成年后飞向宇宙。舱内其余几位同行者欣喜体验失重感受。报道称，“团结号”飞行器抵达距离地面约86...', '开盘了，三大指数集体高开。 ', '【鲸视频：欧洲杯落幕，', '】今天凌晨，欧洲杯决赛打响，意大利夺得本届杯赛冠军。据官方数据统计，在近一个月的比赛中，尽管葡萄牙早早被淘汰，中国球迷最关注和喜爱的球星还是C罗，而早上7点是用户访问欧洲杯官方小程序的高峰时期。', '今...']",163551,2594,4524031,会员等级：6级02,简介:中国财经记者社区和信息服务平台
大马头条新闻,"['大马头条新闻', '\xa0男/海外    \xa0    ', '【马来西亚新增9105确诊】马来西亚截至今日中午12时，新增9105宗新冠肺炎确诊病例，累计确诊达83万6296宗。', '当中，雪兰莪是确诊病例最多的州属，达4682宗。', '此外，吉隆坡1247宗、森美兰541宗、柔佛392宗、吉打382宗、彭亨300宗、马六甲278宗、沙巴271宗、砂拉越270宗、槟城243宗、霹雳207宗、吉兰丹1...', '【马来西亚新增9353确诊】马来西亚截至今日中午12时，新增9353宗新冠肺炎确诊病例，累计确诊达82万7191宗。', '其中，雪兰莪新增4277宗病例，全国居首。吉隆坡新增1398宗确诊病例排在第二，马六甲报835宗病例排在其后。', '另外，沙巴251宗，柔佛399宗，砂拉越352宗，森美兰638，槟城180宗，霹雳145宗，吉...', '【诺希山：大马病例攀升因卫部积极筛检】马来西亚卫生总监丹斯里诺希山解释，大马新增病例近期暴增，因卫生部除了趁强管令（EMCO）期间积极进行针对性筛检，同时也为强管令地区居民进行筛检。', '诺希山今日发表文告说，在雪隆地区落实强管令期间，卫生部积极进行针对性筛检，以尽早鉴定密切接触者和有症...', '【速报，大马史上最高确诊人数9180宗】截至今日中午12时，马来西亚的新增确诊病例再创新高，报有9180宗。', '今日9180宗新冠肺炎确诊病例，也成为大马单日最高病例，单日第二最高新增病为5月29日9020宗，单日第三最高则是昨天的8868宗。', '目前，累计确诊达81万7838宗。', '卫生总监诺希山在面子书贴文指出...', '【大马史上第二高，8868宗确诊病例】截至今日中午12时，马来西亚新增8868宗新冠肺炎确诊病例，累计确诊达80万8658宗。', '其中，雪兰莪新增4152宗病例，全国居首。', '吉隆坡新增1133宗确诊病例排在第二，森美兰报897宗病例排在其后。', '另外，沙巴279宗，柔佛336宗，砂拉越281宗，槟城237宗，霹雳543宗，吉...', '【抗疫未竟，马来西亚首相又要换人了】马来西亚巫统主席拿督斯里阿末扎希宣布，巫统最高理事会会议议决一致决定，从即刻起撤回对首相丹斯里慕尤丁的支持，并要慕尤丁体面下台，让新任首相上台。', '他表示，这是因为国盟无法完成巫统支持国盟的条件。他促请，首相丹斯里慕尤丁体面下台，让新首相上台，并...', '【巴生中央医院严重爆满 轻症病患躺室外】紧急床位严重不足，求诊病患不断涌入，马来西亚巴生中央医院人满为患，轻症病患仅能露宿室外！ 社交平台自前天开始，就流传许多有关医院病床爆满的视频和照片，截至今天，院方仅能安排病患躺在室外，情况相当骇人。 ', '巴生医院巡查员李国志向媒体证实，该医院...', '【沙比里任副揆 希山慕丁任高级部长】马来西亚首相丹斯里慕尤丁正式委任巫统副主席拿督斯里依斯迈沙比里担任副首相，并可继续兼任国防部长职。', '首相办公室今天发表文告说，外交部长拿督斯里希山慕丁，也升任为高级部长，而希山慕丁将领导安全职务，代替依斯迈沙比里的此前的工作。此外，文告说，首相...', '【速报，大马新增7097宗确诊病例】马来西亚截至今日中午12时，新增7097宗新冠肺炎确诊病例，累计确诊达79万9790宗。', '其中，雪兰莪新增3119宗病例，全国居首。', '吉隆坡新增1005宗确诊病例排在第二，森美兰报788宗病例排在其后。', '另外，沙巴244宗，柔佛224宗，砂拉越289宗，槟城140宗，霹雳187宗，吉打...', '【速报，大马新增7654宗确诊】截至今日中午12时，马来西亚新增7654宗新冠肺炎确诊病例，累计确诊达79万2693宗。', '当中，雪兰莪是确诊病例最多的州属，达3260宗。', '此外，吉隆坡1550宗、森美兰698宗、吉打337宗、柔佛313宗、砂拉越286宗、马六甲230宗、沙巴225宗、槟城185宗、彭亨180宗、吉兰丹118宗、...']",12830,300,285182,会员等级：未开通02,认证信息：大马新闻中心24小时播报马来西亚及全球重大新闻
我是香港警嫂,"['我是香港警嫂', '\xa0女/香港    \xa0    ', '尖沙咀N地道的t旗海。', '^分了，@c放毒。', ' ', '鄹朋友！', '我必支持9797979499', ' ', ' ', ' ', ' ', '@主y好陌', '中午吃了啥？和妹去吃了好吃的！', '藏在加油站后面的宝藏咖啡馆', '昨晚参加了一次上海城市考古漫步活动，这是视频中那位叫阿松的小伙子默默做了五年的项目。他把自己收藏的上海老照片，融入到实地探访中，让参与的人更为感同身受。', '走了二个多小时，途中遇到暴风雨，因躲雨，却意外地探访了这家开在加油站后面的咖啡馆，于是拍了这一段一...', '1瓶啤酒要卖500元！华润雪花啤酒推出高端系列，对标茅台？网友：泡沫太大，这样的啤酒你会买吗？', ' ', ' ', '@真]有改e名字就是', 'DLLM，Delay no more！ ', '榄h保夂蜃隽松叮坑米彀歪放天然沼幔窟是用天然肥料灌溉了大西北植漤目？都q了整天出硭⒋嬖诟校不湟幌鹿啄幔 ', '今天搬u，天獯蠛茫想想中午吃啥，', '哪妹和我去I珍珠奶茶，於是，', '於是有了恿Γ出T上班啦！早', '脑血栓发作了才写出这条推特的吗？ ', ' 一个国家级媒体，连最基本的客观认识都不能做到，真要鼓励国人借鉴别人的优点，应该做出理性客观的分析和全面的认识，而不是搞这种神话故事。当然这个日本演唱会日本大型聚会垃圾一尘不染的神话故事，最早开始在国内吹的，依旧是已经绣好红旗学识渊博的印吹思婷高晓松']",9701,791,362378,会员等级：6级02,认证信息：香港警察的合法配偶 Q警嫂
安可的吐槽,"['安可的吐槽', '\xa0男/四川    \xa0    ', '疫情期间那些可爱的人78人间是值得的 ', ' ', '生活不要古到犟，烧菜不要紧到烫！ ', ' ', '“真正治愈你的从来不是时间，而是明白。” ', ' ', '隔壁同事收到花了，我想没什么大不了，花而已，我自己坟头也会长。 ', ' ', '想要整蛊我姐太容易了。', ' ', ' ', '这两兄弟的回答让我服气！哈哈哈哈哈...如果是你呢？', ' ', ' ', '终于等到你们的剧了，这绝对是毛骗番外小宝篇《城市的边缘》，但主角杨羽杨老怪的微博怎么号没了？', ' ', ' ', '后来发现凉白开喝下去更干净', '半夜写出的文字也挺有味道', '清晨那碗粥暖胃舒服', '痛极后孤立无助的想法更成熟', '一路走一路失去也一路拥有 ', ' ', '希望你们都能遇到一个干净的人，没有预谋离开的心思，没有藏着掖着的行为，阳光给你，清晨给你。 ', ' ', '《H&M、新疆棉花、BCI，还有幕后无形的黑手。》可以看看这篇文章，写的很详细。文：李大饼 ', '山海有灵 ', ' ']",693,388,45882,会员等级：6级02,认证信息：资讯视频自媒体
港和平,"['港和平', '\xa0女/香港    \xa0    ', '\品店', '同心同德同目耍一心一意巯愀邸067315 香港同心^早前@得t十字Cl捐血~\後，再次MT捐血。 ', '反正美o口砂糖吃的r候要f好吃，o口93吃的r候也得f又香又好吃。', '【超燃！', '怎么评价唐僧这段发言？', ' ', ' ', '真港大生 ', '暴雨後的美地F站，水深火帷', '提高警X！ ', '2021-7-9 （香港）东方日报 龙门阵', '君事观察：当家作主', '立法会议员 何君尧', '早在5月消息公布时，笔者就已表示支持，直至本周三立法会正式处理委任高等法院上诉法庭副庭长林文瀚为终审法院常任法官的议案时，笔者当然没有改变初衷，表示支持。林文瀚法官加入司法系统后，有着崇高的声望，期望他能为香...']",3760,299,565834,会员等级：5级02,认证信息：超话粉丝大咖（祖国反黑站超话）
早报网,"['早报网', '\xa0女/海外    \xa0    ', '【版权声明】联合早报网（www.zaobao.com，www.zaobao.com.sg）是新加坡《联合早报》旗下官网，互联网上其他以《联合早报》名义运作的网站为侵权网站，违法复制本网站内容，请大家擦亮双眼，阅读和搜索新闻时辨明正品。 ', '【于泽远：中共五代领导人的历史定位】围绕中共建党百年大庆，中共党史成为官方近几个月来的宣传主线，中共五代领导人的历史定位也逐渐清晰。', ' ', '【大量电信诈骗犯从缅回国自首 边境城市瑞丽疫情防控难负荷】从缅甸回中国自首的电信诈骗人员近日暴增，对中缅边境城市瑞丽的疫情防控形成压力。有网络消息称，因返国诈骗犯太多，有云南边境口岸限制每天回国自首人数。', ' ', '【欧锦赛：点球不敌意大利 英格兰冠军梦碎】意大利在欧锦大决赛的点球大战上，以3比2击败英格兰，总比分以4比3夺冠，时隔53年再次捧起欧锦赛冠军。坐镇主场的“三狮军团”英格兰无法打破长达55年的冠军魔咒，未能在主场球迷面前捧杯。', ' ', '【法新社：中共治港从幕后走到台前】近年来，中共在香港逐渐走向舞台中心，这在最近的中共百年党庆活动中尤为突出。中共党旗最近几周如雨后春笋般在香港涌现，伴随着巨大广告牌。香港还首次为中共党庆举办了高规格的活动，包括大型主题展览“百年伟业――庆祝中国共产党成立100周年”、大型座谈会等。...', '【东京奥运会允许观众入场的赛场只剩三个】东京奥组委星期六（7月10日）宣布，在福岛举行的棒球和垒球比赛以及在札幌举行的足球比赛都将禁止观众入内，允许观众进场的奥运会赛场目前只剩下三个。', '据新华社报道，东京奥组委10日发表声明说，福岛县政府前一天通知奥组委，考虑到日本全国的疫情形势，也...', '【科学委员会：要遏制德尔塔传播 法国90%人口须完成接种或曾感染病毒】为法国政府提供健康咨询的科学委员会警告，要遏制德尔塔变种病毒的传播，法国须有90%至95%人口完成疫苗接种或曾感染病毒。', '科学委员会在周五发布的报告中警告，尽管目前疫苗接种率较高，但与德尔塔毒株相关的第四波疫情“可能会很...', '【马冠病确诊病例连续两天达新高 当局加强雪隆重灾区医疗系统抗疫能力】马来西亚单日新增确诊病例连续两天录得历来最高，昨天（7月10日）新增9353起，比前一天的9180起更高。', '马国落实新一轮封锁措施超过一个月，新增病例不减反增，卫生部长阿汉QQ解释，这是因为当局在落实加强行动管制令（行管令）...', '【出任马国副首相第一天 依斯迈拜会阿末扎希引发外界揣测】马来西亚新任副首相依斯迈沙比里周五上任第一天，就到巫统主席阿末扎希的住家拜会，引起关注。', '依斯迈沙比里也是巫统副主席。他日前才公开指大多数巫统最高理事不赞成撤回对首相慕尤丁的支持，被视为是和主张撤换首相的阿末扎希唱反调，因此...', '【凯德上海北外滩来福士综合体开业】冠病疫情没有拖慢新加坡房地产发展商凯德集团在中国开设零售商场的步伐。集团管理层受访时披露，一些在华商场销售额已恢复至疫情前水平，集团也将透过“先孵化、再脱售”的资本循环模式，加快在华扩张速度。', '凯德位于上海北外滩的来福士综合体昨天开业。这是集团在...']",57682,143,3355453,会员等级：3级02,简介:联合早报网 (www.zaobao.com) 是新加坡报业控股属下的网站。以第三只眼看大中华，客观新闻和深度评析是众多亚太区读者的最爱。
新京报,"['新京报', '\xa0男/北京    \xa0    ', '【', ' 校方：房顶贴膜老化雨水倒灌】7月11日，南京师范大学附属扬子中学针对该校报告厅屋顶漏水一事进行通报。10日，扬子中学在报告厅举行新一届高三学生家长会。其间，突遇特大暴雨，导致报告厅屋顶漏水。经查，报告厅建于2006年，房顶贴膜老化，强降雨致落叶等杂物堵塞报告厅...', '【', ' 确诊5天后死亡】7月11日，据法新社报道，比利时一名90岁妇人因跌倒送医治疗，被检测出携带2种新冠变异毒株，起初妇人血氧饱和度水平良好，随后病情急速恶化，5天后死亡。专家称，尚无证据表明病情恶化与同时感染两种变异毒株有关，同时感染2种毒株现象或被低估。...', '【', '【', ' 男子不顾危险冲入洪水中救下一人】7月11日，河南焦作，受丹河上游暴雨影响，形成了洪水沿丹河下泄，沁阳、博爱沿丹河两岸受到较大影响。焦作境内沿岸村庄进水，车辆被凶猛的洪水卷走。一男子发现洪水中还有人时，立即冲进去将其救出。(沸点视频)', ' ', '【暴雨级别！', ' 】北京地区11日18时后自南向北大部地区出现暴雨，并伴有大风和雷电，昌平局地有小冰雹。截至12日6时，北京市平均降雨量45.7毫米，城区平均53.2毫米，北京市共203个站降雨量超过50毫米，43个站降雨量超过70毫米。最大降雨出现在房山新村，为92.4毫米，最大小...', '【最强降雨来袭！直击北京早高峰防汛排涝现场】', '据北京市气象台消息，7月11日至12日夜间，北京将出现今年入汛以来的最强降雨。', ' 记者带您穿城感受雨中北京早高峰，分赴气象、应急等多部门把握降水实况，直击防汛排涝保障现场。', ' ', ' ', '【', '！时隔53年再次捧杯】在刚刚结束的2020欧洲杯决赛中，在温布利大球场，历经加时和点球大战，意大利4比3战胜英格兰，时隔53年再次捧走德劳内杯。', '这个冠军，意大利和英格兰都等了53年之久。1968年，两队均首次打进欧洲杯正赛，意大利人捧起了冠军奖杯，英格兰获得季军。过去53...', '【', '：人在河南 近期将认亲】7月11日，', ' 从电影《失孤》原型郭刚堂处证实，他已获知儿子郭振的下落。郭刚堂与儿子DNA比对成功，警方已着手安排父子认亲事宜。1997年，2岁多的郭振被人贩拐卖。二十多年来，郭刚堂为寻找儿子，骑行40万多公里，跑了31个省，报废10...', '【历时近8小时 ', '】7月11日，搁浅在浙江温岭东海塘的鲸被放归大海。据救援人员介绍，放生地点位于大陈岛以南，水深15米以上的海域。12时左右，两头鲸被发现搁浅在东海塘附近海域。消防、公安、渔业等部门接警后先后赶赴现场救援，经现场人员确认，其中一头鲸死亡。...', '【', '电闪雷鸣中的北京#】北京今年最强降雨来了，门头沟北面有连续的闪电、雷声，山上形成了厚厚的云雾。请务必注意安全，转发提醒！', ' ']",126340,2385,44849622,会员等级：7级02,认证信息：新京报官方微博
真当没想到,"['真当没想到', '\xa0男/浙江    \xa0    ', '发布了头条文章：《潜伏在黎明之前》  ', ' ', '相比很多发达国家，我们国家的利息还有蛮大的下降空间。现在五年期LPR是4.7%，五年后可能会降到4%。原因就是货币越来越多 ', '车主绝对人才 ', '听央行的画外音，好像是近期不打算降准了 ', '我在读书的时候，有一对华人老头老太太，想找个司机，周一到周四每天早上接一下，中午送回家，车程单趟约半小时，再顺便把家里的垃圾桶推到路边，因为年纪大了，推垃圾桶感觉有点吃力了，一个月开出的工资是800美元，就这样，还没什么人愿意干。 ', '马上又要降准了，呵呵，稳健中性 ', '我请晓峰关注一下ST，不是挺好的，风险该释放的都释放了，再出雷的可能性几乎很小了。 ', '就是欠收拾 ', '我对现代医学是很有兴趣的，可惜当时读书不够好，不够条件上国内医学系，而美国的大学医学院，基本上不接受国际生申请。', '我希望读书好的孩子，尽可能读医学博士，治病救人拿高薪，一举两得 ', 'ST万方：因为营收不足1亿，带帽', '看点1：公司转型疫苗。', '看点2：收购铸鼎工大，涉足军工。业绩承诺2300万。', '看点3：一季度营收3000万，利润1600万。', '看点4：小市值，低位。', '何时开涨，不知道 ', '建议晓峰同志来玩ST，可好玩了 ']",16634,30,552501,会员等级：7级02,认证信息：财经博主
中国新闻网,"['中国新闻网', '\xa0男/北京    \xa0    ', '【', ' ', '】据中国气象局消息，7月11日5时至12日06时，北京、天津、河北、山西、河南、山东等地出现暴雨。北京全市各区均出现超过50毫米的暴雨，河北有1366个站点降水量超过50毫米（暴雨）。中央气象台首席预报员张芳华表示，华北雨季的平均时...', '【', '】当地时间11日，英国警方表示，欧洲杯球迷在伦敦温布利球场附近与官员发生冲突，警方逮捕了45人。报道称，有视频显示在比赛开始前，无票球迷们冲破障碍物，跑上楼梯进入体育场，工作人员和警察试图阻止他们。在比赛期间也有冲突发生，数千名球迷聚集在球场外。...', '【', '】', '据北京大学微信公众号消息，此前报道中放弃港大奖学金、选择北大马克思主义理论专业的王艺瑾今年第一个收到北大录取通知书。她说，选择该专业是因为自己真心喜欢。据悉，北大该专业今年首次通过高招招收本科生，专业...', '【', '】12日，北京市积分落户服务中心发布《关于对蔡某某等7名积分落户材料弄虚作假人员处理情况的通告》，在2019至2020年度积分落户工作中，经查明7名申请人存在积分落户材料弄虚作假行为，其中蔡某某、陶某、王某某、刘某、陈某虚假申报并使用无效婚姻关系凭证，姚某某提供伪...', '【', '】据', ' 通报，上海市奉贤区应急管理局说：2021年7月12日4时50分，位于奉贤区青村镇西街2弄1号居民楼三楼液化气钢瓶泄漏发生爆炸后燃烧。事故发生后，消防救援力量第一时间赶到现场救援，火势于5时52分扑灭。事故造成2名居民死亡,4名居民不同程度...', '【', '：', '】', '7月12日，北京市人力资源和社会保障局发布消息，本市2021年积分落户申报审核工作已全部结束，即日起进入公示及落户办理阶段。今年申报积分落户的130111名申请人可登录积分落户在线申报系统查看本人最终...', '【', '】今日，国家航天局探月与航天工程中心在京举行嫦娥五号任务第一批月球科研样品发放仪式，标志着月球样品科学研究工作正式启动。经审核，来自13所科研机构的31份申请获得通过。（央视新闻客户端） ', '【', '】随着', '，本届大赛大幕落下。射手榜上，葡萄牙队队长C罗以5粒进球和1次助攻力压同样打入5球的捷克前锋希克，荣膺欧洲杯金靴。本届C罗共参加4场比赛，葡萄牙队在1/8决赛中被比利时淘汰。 ', '【还好遇见你', '【', '】', '北京时间12日凌晨，在', '男单决赛中，世界排名第一的德约科维奇以6:7(4)、6:4、6:4、6:3，大比分3:1逆转战胜贝雷蒂尼后获得冠军。', '，将个人大满贯男单冠军数量提升至20个，追平费德勒与纳达尔的纪录，并列男子网坛...']",168518,1261,71775621,会员等级：7级02,认证信息：中国新闻网法人微博
武汉身边事,"['武汉身边事', '\xa0女/湖北    \xa0    ', '【乘电梯过天桥！', ' ，还有这些在规划中】近日，位于汉口同济医院附近的一座新建人行天桥――“同济健康天桥”手扶电梯开通运营，方便了不少过往市民。长江日报记者探访发现，武汉已有8座人行天桥加装了电梯，还有多部人行天桥加装电梯已纳入规划。（来源 长江日报） ', ' ', '【', ' 医生提醒：水晶泥含硼砂超标或致死】近日，湖北武汉，9岁的女孩甜甜在家玩水晶泥时，不小心将一小块水晶泥揉入眼中，瞬间便感到疼痛难忍，泪流不止。送医检查后，医生诊断为硼砂入眼导致角膜受损，虽然经过左眼羊膜移植手术，但左眼裸眼视力也只能恢复到0.08。医生提醒...', '【', '】7月10日下午5点半，武汉大学生小文（化名）在欢乐谷高架桥下占道售卖荧光棒，被市容巡查员暂扣货物。小文说一名市容巡查员表示如果给他一点好处，他立即将暂扣的荧光棒还给他。小文随后买了一包烟给该巡查员，巡查员随即将荧光棒还给小文。欢乐谷区域市容管理工...', ' 【湖北大学2021高考录取进度及录取分数线来了！】', ' 2021高考招生录取进度及录取分数线，具体请戳：', ' ', ' 你小时候养过蝈蝈吗？ ', ' ', ' 近日，武汉欢乐谷举办电音节，现场一位保安小哥哥因长相帅气走红，长得神似吴磊，又像极了刘昊然。网友：听演唱会什么的已经不重要了！', '【', ' 市场 虫鸣声唤起童年回忆】很多年前，武汉伢能有一只竹笼子关着的蝈蝈，是夏天最开心的事情之一。随着城市生活变迁，这样的情景难再有，然而，今年夏天刚刚入伏，武汉街头就出现了“笼子里的蝈蝈”，价格不算便宜，却有不少家长愿意给孩子买来感受自己曾经体会过的快乐。你小时候...', '【入伏啦！', '】7月11日，武汉入伏。当日，全市38家游泳场馆开始对中小学生免费开放。据悉，7月11日至30日，全市中小学生可凭有效学生证件(《中学生手册》或《小学生综合素质评价报告书》)进入38家定点游泳场馆免费游泳。每天集中开放时间为9:00至11:00和15:00至17:00...', ' 小调查，你最常用哪种方式过马路？ ', ' ']",123899,2891,1163866,会员等级：7级02,认证信息：微博武汉同城大使 知名本地博主
武汉身边事,"['武汉身边事', '\xa0女/湖北    \xa0    ', '【乘电梯过天桥！', ' ，还有这些在规划中】近日，位于汉口同济医院附近的一座新建人行天桥――“同济健康天桥”手扶电梯开通运营，方便了不少过往市民。长江日报记者探访发现，武汉已有8座人行天桥加装了电梯，还有多部人行天桥加装电梯已纳入规划。（来源 长江日报） ', ' ', '【', ' 医生提醒：水晶泥含硼砂超标或致死】近日，湖北武汉，9岁的女孩甜甜在家玩水晶泥时，不小心将一小块水晶泥揉入眼中，瞬间便感到疼痛难忍，泪流不止。送医检查后，医生诊断为硼砂入眼导致角膜受损，虽然经过左眼羊膜移植手术，但左眼裸眼视力也只能恢复到0.08。医生提醒...', '【', '】7月10日下午5点半，武汉大学生小文（化名）在欢乐谷高架桥下占道售卖荧光棒，被市容巡查员暂扣货物。小文说一名市容巡查员表示如果给他一点好处，他立即将暂扣的荧光棒还给他。小文随后买了一包烟给该巡查员，巡查员随即将荧光棒还给小文。欢乐谷区域市容管理工...', ' 【湖北大学2021高考录取进度及录取分数线来了！】', ' 2021高考招生录取进度及录取分数线，具体请戳：', ' ', ' 你小时候养过蝈蝈吗？ ', ' ', ' 近日，武汉欢乐谷举办电音节，现场一位保安小哥哥因长相帅气走红，长得神似吴磊，又像极了刘昊然。网友：听演唱会什么的已经不重要了！', '【', ' 市场 虫鸣声唤起童年回忆】很多年前，武汉伢能有一只竹笼子关着的蝈蝈，是夏天最开心的事情之一。随着城市生活变迁，这样的情景难再有，然而，今年夏天刚刚入伏，武汉街头就出现了“笼子里的蝈蝈”，价格不算便宜，却有不少家长愿意给孩子买来感受自己曾经体会过的快乐。你小时候...', '【入伏啦！', '】7月11日，武汉入伏。当日，全市38家游泳场馆开始对中小学生免费开放。据悉，7月11日至30日，全市中小学生可凭有效学生证件(《中学生手册》或《小学生综合素质评价报告书》)进入38家定点游泳场馆免费游泳。每天集中开放时间为9:00至11:00和15:00至17:00...', ' 小调查，你最常用哪种方式过马路？ ', ' ']",123899,2891,1163866,会员等级：7级02,认证信息：微博武汉同城大使 知名本地博主
新华社,"['新华社', '\xa0男/北京    \xa0    ', '【“装修”卫生区】', ' 虽然住着“三室一卫”的天上“豪宅”，但航天员依然要靠自己的双手创造美好生活。来看看他们是怎么DIY“装修”卫生区的！', '  ', ' ', '【正在直播：北京迎来入汛最强降水 多部门全力应对】11日傍晚至12日夜间，北京市迎来今年入汛以来最强降雨过程，过程雨量将达暴雨到大暴雨。降水情况如何？北京市各部门防汛工作准备得怎么样？', '带你看。 ', ' ', '【', '】记者刚刚从国家航天局获悉，截至7月11日20时，天问一号环绕器在轨工作353天，工况正常。地火距离3.707亿千米，光行时20分36秒。祝融号火星车累计行驶410.025米，工况正常。（记者胡矗 ', '【国家航天局：', '】记者从国家航天局7月12日召开的新闻发布会上了解到，国家航天局正计划组织部分月球样品入藏毛泽东同志的故乡湖南韶山进行异地灾备，以告慰毛泽东同志提出的“可上九天揽月”这个夙愿。（记者胡矗 ', '【', '】香港地铁站里，第一次出现了“文物馆”。“文物馆”位于今年新开通的地铁站――宋皇台站，由一排嵌入墙中的展柜组成，从起点到终点不足百米距离。展柜里青白及浅青釉瓷、龙泉窑系青瓷、粗陶等宋元时期文物超过400件。 ', '【权威快报|', '】刚刚，国家航天局探月与航天工程中心在京举行嫦娥五号任务', '仪式，标志着月球样品科学研究工作正式启动。经审核，来自13所科研机构的31份申请获得通过。（记者胡矗海报设计苗夏阳） ', '【', ' 均在瑞丽】云南省卫生健康委员会7月12日通报，11日0时至24时，云南省新增新冠肺炎本土确诊病例9例，其中2例为7月9日无症状感染者转为确诊病例，系在瑞丽市全员核酸检测中发现，其余7例均在瑞丽市全员核酸检测和重点人群核酸检测中发现；新增境外输入新冠肺炎确诊病例3...', '没有太晚的开始，不如就从今天行动。早安！ ', '生活是自己的，尽情装扮吧。晚安~ ', '【', '同比增长67%】记者从中国国家铁路集团有限公司获悉，2021年上半年，全国铁路累计发送旅客13.65亿人次，同比增加5.48亿人次、增长67%。', '\u3000\u3000铁路部门“一日一图”灵活安排运力，精准满足旅客出行需求。二季度，全国铁路日均旅客发送量达到903万人次，较一季度增加...', '【侯月、太焦铁路因水灾中断 铁路部门正全力组织抢通】记者从中国铁路郑州局集团有限公司获悉，7月11日7时许，山西省境内的侯月铁路盘古寺至磨滩间上下行线路因持续强降雨封锁，封锁期间，区间内多处山体滑坡掩埋铁路，中断上下行列车运行。', '\u3000\u300013时许，山西省境内的太焦铁路东坡至孔庄间上下行线路因...']",141918,2982,104570462,会员等级：6级02,认证信息：新华社法人微博
