user_id,inf,weibo_num,focus_num,fans_num
人民日报,??男/北京    ??    ,128572,3056,125096641
回形针PaperClip,??男/北京    ??    ,1061,220,4539305
Fu思乱想,??男/内蒙古    ??    ,415,201,59356
新浪湖北,??女/湖北    ??    ,130360,2851,4028242
中国新闻网,??男/北京    ??    ,158340,1284,69467496
野比大雄,??男/其他    ??    ,13104,988,3416869
协和医生Do先生,??男/湖北    ??    ,1535,196,3503728
张杰,??男/其他    ??    ,2860,210,81964949
酒井吃土子,??女/北京    ??    ,4675,920,1230991
微博热点,??女/北京    ??    ,19607,2136,2964097
凤凰网财经,??男/北京    ??    ,109012,966,12980150
央视新闻,??男/北京    ??    ,139231,2712,116348560
封面新闻,??女/四川    ??    ,158340,8329,22600970
世界卫生组织,??女/北京    ??    ,9078,235,2282305
观察者网,??男/上海    ??    ,124498,1246,16188949
都市快报,??男/浙江    ??    ,85647,904,10421897
沸点国际,??男/北京    ??    ,2263,103,918326
9品带刀护卫,??男/其他    ??    ,4450,484,11138
头条新闻,??女/北京    ??    ,199890,1603,100407835
果壳,??男/北京    ??    ,47697,2217,10108964
新华视点,??男/北京    ??    ,135586,2980,100761431
国是直通车,??女/北京    ??    ,48976,507,2227406
国资小新,??男/北京    ??    ,39178,866,5770578
微公益,??女/北京    ??    ,18291,1226,18118458
江右王荆公,??女/海外    ??    ,6761,1097,2069
新京报,??男/北京    ??    ,121342,2380,43777071
静静绽放2005,??女/海外    ??    ,12677,974,36546
Vista看天下,??男/北京    ??    ,89645,1874,23380727
徐嘻嘻_xx,??女/湖北    ??    ,6977,919,1267
背着相机去行走,??男/广东    ??    ,12443,3331,101264
中国妇女报,??女/北京    ??    ,61942,2003,11904424
IT互联网大佬,??男/北京    ??    ,11953,207,14339522
博肖爱心联盟,??女/北京    ??    ,2520,245,524079
凤凰网,??男/北京    ??    ,37056,779,19892346
凤凰卫视,??男/香港    ??    ,84225,302,14817173
楚天都市报极目新闻,??男/湖北    ??    ,137411,1474,18745076
中国新闻周刊,??男/北京    ??    ,160018,3068,57901027
看看新闻KNEWS,??男/上海    ??    ,83890,1000,13525523
CCTV4,??男/北京    ??    ,69978,339,4591984
资深观众韩梅梅,??女/福建    ??    ,14536,143,8973986
天津日报,??男/天津    ??    ,111270,959,1650160
中国日报,??男/北京    ??    ,138718,769,60038926
新浪新闻,??男/北京    ??    ,74968,1932,51482484
新京报我们视频,??男/北京    ??    ,73728,962,13343206
李永乐老师,??男/北京    ??    ,1279,528,5376674
健康中国,??男/北京    ??    ,17197,548,6839100
澎湃新闻,??男/上海    ??    ,79029,661,27209086
开心科宋大夫,??男/北京    ??    ,408,234,2696974
侠客岛,??男/北京    ??    ,8337,209,8794383
中国反邪教,??男/北京    ??    ,60925,438,3689292
返朴,??女/北京    ??    ,3112,139,297993
SsuelMoon,??女/海外    ??    ,2432,30,200945
知识分子,??男/北京    ??    ,15148,802,2715126
杭州生活那些事儿,??男/浙江    ??    ,2401,103,5592244
蓝鲸财经记者工作平台,??女/北京    ??    ,156634,2562,3829974
大理市鹰匠猛禽保护中心,??男/云南    ??    ,1389,349,89401
过期少女郭小九,??女/北京    ??    ,4341,594,453615
师兄APP,??男/北京    ??    ,902,61,11358
环球时报,??男/北京    ??    ,202388,719,28894689
嘉人,??女/北京    ??    ,38906,260,5449070
新浪体育,??男/北京    ??    ,263907,2059,24263985
小野妹子学吐槽,??男/海外    ??    ,26727,62,20302906
吃瓜群众CJ,??男/海外    ??    ,10048,798,12419635
人民网,??男/北京    ??    ,188699,985,77808745
成都商报,??女/四川    ??    ,151934,903,21132686
中国青年网,??女/北京    ??    ,73605,3474,12587030
搜狐娱乐,??男/北京    ??    ,68255,532,3807969
麻醉医生凌楚眠,??男/湖北    ??    ,1121,498,3302101
飞猪,??男/浙江    ??    ,24212,1861,5706885
每日经济新闻,??男/上海    ??    ,244875,716,47058776
天津身边事,??女/天津    ??    ,49499,926,674476
环球网,??女/北京    ??    ,114076,1439,22401976
潇湘晨报,??女/湖南    ??    ,103995,1299,14834666
音乐黄立业,??男/北京    ??    ,381,240,15162741
科普君XueShu雪树,??男/其他    ??    ,7499,922,13359276
中国电影报道,??男/北京    ??    ,63885,2113,10042091
华西社区报官博,??男/四川    ??    ,109407,1527,12891025
今日闵行,??男/上海    ??    ,61054,313,347905
中科院之声,??男/北京    ??    ,31768,271,4452368
退役娱乐圈顶流,??男/湖南    ??    ,7829,671,1844007
红星新闻,??女/四川    ??    ,46921,607,10546471
武汉你好,??男/湖北    ??    ,10754,1728,1404524
广州日报,??男/广东    ??    ,135568,3703,16789431
平平无奇的健忘小天才??男/湖北    ??    ,"心中有丘壑,眉目作山河. ????????",287,63,363
急诊夜鹰,??男/广东    ??    ,11730,1302,1858745
异能八卦局长,??男/上海    ??    ,8769,223,761779
R1SE官博,??男/北京    ??    ,1794,64,1863110
温冬Libra,??男/江苏    ??    ,811,128,2142126
凤凰周刊,??男/北京    ??    ,65637,727,21596903
日本国驻华大使馆,??男/北京    ??    ,10484,885,1812127
机器猫,??男/四川    ??    ,1267,595,672989
快来看啊,??男/广西    ??    ,116759,308,4191906
口语老炮儿马思瑞,??男/北京    ??    ,469,246,1046718
电影频道融媒体中心,??男/北京    ??    ,8496,419,1761957
Hey_Tobi,??男/海外    ??    ,250,276,367646
BornForYEE易烊千玺,??男/北京    ??    ,1318,4,167487
我不是谦哥儿,??男/北京    ??    ,7703,653,1505564
风波测评酱,??女/北京    ??    ,2622,76,447605
文娱搬砖工,??女/天津    ??    ,33542,220,230552
航海船夫,??男/北京    ??    ,8977,3177,5969
王王王立铭,??男/浙江    ??    ,1031,399,578068
吃瓜没有圈圈圈,??男/海外    ??    ,2058,796,222732
中国红十字基金会,??女/北京    ??    ,7705,1156,565836
许超医生,??男/山东    ??    ,19419,883,1088477
胡二刀,??男/河北    ??    ,31770,2063,53317
尹克伦观天下,??男/辽宁    ??    ,63468,1935,566077
小央视频,??女/北京    ??    ,25599,232,5748764
经济观察报,??男/北京    ??    ,114578,983,23221043
搜狐视频,??男/北京    ??    ,58217,410,8201928
江南哥儿,??男/浙江    ??    ,8786,1118,2556018
Pfaueninsel,??女/其他    ??    ,25943,1486,97493
Lin张林超,??女/其他    ??    ,10567,637,8365525
平民王小石,??男/广东    ??    ,24662,3038,6371264
电影工厂,??男/北京    ??    ,102144,730,29555263
中国经营报,??男/北京    ??    ,147700,1318,28892451
在人间_Living,??女/香港    ??    ,3831,759,426517
时间视频,??男/北京    ??    ,40527,567,8066025
nG家的猫,??男/其他    ??    ,604,80,5527601
深圳卫健委,??女/广东    ??    ,21228,438,944381
中国消防,??男/北京    ??    ,49681,1201,8808795
药明康德,??男/上海    ??    ,4990,130,74376
搜狐新闻,??男/北京    ??    ,20013,283,1369736
TIANSHIHannnn,??女/辽宁    ??    ,185,631,14748
武汉大学,??女/湖北    ??    ,29032,717,2912050
粉熊的微博,??女/上海    ??    ,90736,740,1562882
微丢,??男/上海    ??    ,9786,94,3746158
主妇手记,??女/北京    ??    ,5966,3262,3539502
善良小魔女-YZ,??女/山东    ??    ,8568,1480,131523
赞物发起人闫苹果,??女/吉林    ??    ,8075,102,984143
天才捕手计划,??男/北京    ??    ,379,258,181712
白衣山猫,??男/浙江    ??    ,7138,146,4479122
掌上兰州-任我行,??男/甘肃    ??    ,34349,352,165514
坂本龙一_RyuichiSakamoto,??男/海外    ??    ,88,1,484650
张爱玲,??女/海外    ??    ,2363,140,174481
澎湃视频,??男/上海    ??    ,71953,463,6753387
北京人不知道的北京事儿,??男/北京    ??    ,32906,1619,7076181
七色的挝锶诵,??男/其他    ??    ,103702,2544,140129
俄语俄罗斯,??女/海外    ??    ,7612,250,251514
俄罗斯事儿君,??男/海外    ??    ,26699,3181,8705357
YouTube精选,??男/海外    ??    ,30497,1934,21441438
王冰汝,??女/海外    ??    ,5213,497,2448404
金刀王,??男/其他    ??    ,41049,694,1114879
凤凰王又又,??女/海外    ??    ,7265,370,1540036
陈秋欤,??男/其他    ??    ,1343,191,12345598
PITD亚洲虐待博士组织,??女/北京    ??    ,27733,374,1435698
昆明校园,??女/云南    ??    ,24251,718,466105
新京报动新闻,??女/北京    ??    ,20386,289,6384767
微博日本,??女/海外    ??    ,9592,346,872137
中国之声,??男/北京    ??    ,130697,1330,27591434
脱欧入亚卡菊轮,??男/海外    ??    ,57768,3353,681615
王者君啊,??男/北京    ??    ,12222,2219,169355
安阳身边儿事,??男/河南    ??    ,35253,2968,363509
娱乐评论号,??男/湖南    ??    ,5785,1783,258485
七环视频,??男/上海    ??    ,32798,240,3140336
SEVENTEEN_Harbour站,??男/海外    ??    ,22425,146,220879
紫光阁,??男/北京    ??    ,25956,401,12093396
新浪科技,??女/北京    ??    ,142535,2230,24370372
虎扑的步行街,??男/浙江    ??    ,72626,2486,7168106
中南大学湘雅医院,??男/湖南    ??    ,3498,1099,648246
汉中发布,??女/陕西    ??    ,14253,392,52759
联合国,??男/海外    ??    ,58804,97,10380162
微观大秦,??男/陕西    ??    ,35486,2475,3264374
新浪视频,??男/北京    ??    ,107251,1865,15773864
罗昌平,??男/北京    ??    ,23459,1844,2237354
世面,??男/北京    ??    ,20712,70,5371723
休城社会闲散人士,??女/海外    ??    ,11065,800,94953
震长,??男/北京    ??    ,19051,630,2176983
陕视新闻,??男/陕西    ??    ,118484,1258,4161999
胥荣东主任医师,??男/北京    ??    ,119851,4490,2132890
猛犸新闻,??女/河南    ??    ,81416,1212,8287633
微博辟谣,??男/北京    ??    ,10345,725,2341736
武汉辣点事,??女/湖北    ??    ,5817,183,194486
吐槽小天才,??男/北京    ??    ,6702,884,11525941
BOBOG-Dragon,??男/海外    ??    ,23516,8,1220041
贼叉,??男/浙江    ??    ,12235,701,2763217
七百里加急递煎饼,??男/上海    ??    ,16704,1636,1499204
天猫发言人,??女/浙江    ??    ,3778,100,3368047
PrinceKris小王子_吴亦凡,??男/广东    ??    ,900,10,354174
央视网,??男/北京    ??    ,114459,513,12339375
美国驻华大使馆,??男/北京    ??    ,28272,528,2973018
能量中国官方,??男/北京    ??    ,3197,2027,3496154
YouTube精彩视频,??男/海外    ??    ,24382,536,15107888
追星少女甜甜圈,??女/其他    ??    ,11059,913,3439759
王俊凯姐姐站,??男/海外    ??    ,2469,29,588949
互联网见闻录,??男/江苏    ??    ,12606,2262,579394
当时我就震惊了,??男/四川    ??    ,88864,858,30581687
新金融观察报,??男/天津    ??    ,37475,1487,187307
混乱博物馆,??男/北京    ??    ,1084,107,2178504
武汉晨报,??男/湖北    ??    ,44141,829,878230
深圳热门大事件,??女/广东    ??    ,11821,107,11652586
SEVENTEEN_ZER・0站,??男/海外    ??    ,15148,97,183826
鬼才董少,??男/北京    ??    ,3677,395,368269
新浪陕西,??男/陕西    ??    ,77546,3385,2180885
卫平布莱恩特-,??女/海外    ??    ,29761,824,2798009
腾讯视频,??男/广东    ??    ,99766,3225,14554320
打鱼晒网,??男/河南    ??    ,13391,916,1147161
娱乐日爆社,??男/北京    ??    ,84894,1172,6619717
共青团福建省委,??男/福建    ??    ,34002,1962,960847
・莫若寒蝉・,??女/广东    ??    ,9179,1615,12315
母婴亲子育儿,??女/福建    ??    ,7985,285,3315051
第一现场,??男/广东    ??    ,34573,264,764136
胡锡进,??男/北京    ??    ,9094,276,24092213
美国驻沪总领事馆,??女/上海    ??    ,15341,193,95256
紧急呼叫,??男/北京    ??    ,10606,185,2037613
上海宝山发布,??男/上海    ??    ,91760,1206,790515
政委灿荣,??男/北京    ??    ,1418,126,2057532
echo小茵茵,??女/广东    ??    ,2613,1452,1767765
洪,??男/其他    ??    ,5331,200,986301
红星竹雨,??男/广东    ??    ,26636,633,443021
共青团中央,??男/北京    ??    ,44703,1494,15592560
谭飞,??男/北京    ??    ,15798,1477,2533520
青春娱乐网,??男/北京    ??    ,24578,198,11293487
JohnRoss431,??男/海外    ??    ,27038,1118,1110854
娱乐圈小鬼,??男/海外    ??    ,2703,429,9650583
CGTN记者团,??男/其他    ??    ,5707,191,2887441
昆明铁路,??男/云南    ??    ,44613,1198,1404259
我是科学家iScientist,??男/北京    ??    ,4339,369,1065312
新浪看点,??女/北京    ??    ,37341,1637,3611653
闽南师大团委,??男/福建    ??    ,8351,419,107521
海峡卫视,??女/福建    ??    ,69722,1545,788323
红袖添饭ing,??男/海外    ??    ,20254,243,3315316
UnityStar星统环球,??男/北京    ??    ,684,79,7207
烟雾与镜像,??男/陕西    ??    ,4905,1081,1320175
蓝莓医生,??男/其他    ??    ,19242,1111,2088429
云南共青团,??男/云南    ??    ,57076,3262,939768
中国文明网,??女/北京    ??    ,13921,1108,1008373
罗法老,??男/北京    ??    ,2746,173,21732
新浪广东,??男/广东    ??    ,82919,4640,2081066
新加坡眼,??男/海外    ??    ,41173,2133,682394
寰亚SYHP,??男/其他    ??    ,35094,22,1421755
枫子一大叔,??男/福建    ??    ,1058,1055,3304536
新周刊,??男/广东    ??    ,35321,703,20646222
Dr_任,??男/山东    ??    ,35941,3299,2105270
中新视频,??男/北京    ??    ,32940,239,4413301
浙江发布,??男/浙江    ??    ,40730,478,2382523
小熊mishka,??女/其他    ??    ,17073,104,41979
北京日报,??男/北京    ??    ,88494,1361,9154591
致爱情,??男/其他    ??    ,7132,473,8471514
ChowzX1??女/湖北    ??    , ,532,665,159
Last--soldier,??男/内蒙古    ??    ,12851,1092,1132508
BToxin,??女/海外    ??    ,932,182,332016
龙城热,??男/山西    ??    ,1974,584,171625
凤凰网视频,??女/北京    ??    ,71064,3021,13556160
芋头微波,??男/广东    ??    ,35824,1116,1140480
日本流行全方位,??女/海外    ??    ,33769,60,2631902
光明日报,??男/北京    ??    ,70933,691,22936096
合肥消防,??女/安徽    ??    ,30213,710,284757
IT科技与互联网,??女/北京    ??    ,11776,292,1120619
新闻晨报,??男/上海    ??    ,154768,1062,37668849
妇科小医生,??男/四川    ??    ,7691,1536,3263567
医视频,??女/北京    ??    ,16615,2311,1411117
上海发布,??男/上海    ??    ,80499,1668,9466710
李杰灵,??男/广东    ??    ,28463,3090,2667633
AMNH680??男/北京    ??    ,欧川,12160,614,105623
IT智能科技生活,??女/北京    ??    ,15551,287,7967863
英语口语控,??男/海外    ??    ,39848,22,3806837
4AM战队,??男/上海    ??    ,6627,205,895039
青年报,??男/上海    ??    ,77120,662,1023043
珠海吃喝玩乐旅游,??女/广东    ??    ,3129,143,3697759
勿怪幸,??男/海外    ??    ,14100,523,1355525
烧心乐队-大黄,??男/湖北    ??    ,163,383,508399
治安君,??男/安徽    ??    ,24159,2543,346638
师永刚,??男/北京    ??    ,10975,2721,429031
刘若晴,??男/北京    ??    ,5531,1144,641505
武汉教育,??男/湖北    ??    ,26758,405,92639
巍岳钦禹,??男/其他    ??    ,41042,4921,7897496
市说新语,??男/北京    ??    ,4583,80,335840
福山雅治,??男/海外    ??    ,438,11,5452383
荆楚网,??女/湖北    ??    ,106480,255,3318572
福布斯中文网,??男/上海    ??    ,69840,525,1916559
一张刘上士,??男/湖北    ??    ,4099,614,3563138
清南师兄,??男/北京    ??    ,61973,402,7011341
Kevin在纽约,??男/海外    ??    ,8733,96,491414
航运漫画家K老师,??男/北京    ??    ,112,155,137647
posyparty,??女/北京    ??    ,4040,552,186167
扬帆计划,??女/北京    ??    ,21165,2085,888187
Hazel,??女/海外    ??    ,3185,39,343626
开心_angel,??女/北京    ??    ,8501,846,6807781
龚凯杰,??男/上海    ??    ,37888,1004,2396491
小羊爱吃酱肘子,??女/其他    ??    ,15081,1017,9116500
新浪羽毛球,??男/北京    ??    ,32315,251,3867189
徐文兵,??男/北京    ??    ,16205,1610,2203430
北京全搜罗,??男/北京    ??    ,17878,1229,5120011
读着卡卡的滞销小说入睡,??男/海外    ??    ,2837,965,2098
中国日报网,??男/北京    ??    ,51966,208,5168781
史上第一最牛逼,??男/福建    ??    ,56122,471,3055728
大麦官博,??男/北京    ??    ,25125,1518,4305977
浅光ShallowBlue,??男/海外    ??    ,30077,51,513712
努力在圣克拉拉,??女/海外    ??    ,1767,208,4359
沙雕信箱,??男/重庆    ??    ,35614,267,1080982
上海科技,??男/上海    ??    ,15916,201,70552
央广军事,??男/北京    ??    ,93480,483,14784479
凯雷,??男/北京    ??    ,43129,5130,1482276
DS北风,??男/浙江    ??    ,60195,2503,9139813
日本流行每日速报,??女/海外    ??    ,47275,3777,3477366
但斌,??男/广东    ??    ,230335,1293,13746248
馨妈灰灰,??女/广东    ??    ,3265,2425,1637407
赵盛烨,??男/辽宁    ??    ,11660,2709,3405623
烹小鲜MCN,??男/北京    ??    ,699,922,1716258
每天都有新实习,??女/北京    ??    ,72980,1021,1296633
大徐说,??男/其他    ??    ,8998,1280,81296
交广阿泰,??男/湖北    ??    ,29663,1955,1691368
黄芷渊,??女/香港    ??    ,4658,413,1334455
Theo奥西,??男/海外    ??    ,595,831,724118
苏俄转播,??男/北京    ??    ,8244,472,276575
微天下,??男/北京    ??    ,165621,1172,26554134
好茶贪香又恋花,??男/其他    ??    ,122929,621,3083385
最高人民法院,??男/北京    ??    ,26543,125,18244778
嘟嘟酱啊啊啊,??女/四川    ??    ,1526,255,1956342
界面新闻,??男/北京    ??    ,61708,828,10126006
妖天才_,??女/广东    ??    ,33260,629,36236
加拿大大使馆官方微博,??男/北京    ??    ,11872,1620,2559255
pinklu卢小,??女/上海    ??    ,10043,3038,2231729
漆园隐吏在巴黎,??男/海外    ??    ,15852,964,524818
中国长安网,??男/北京    ??    ,41027,1145,13492250
PIAGET伯爵,??男/海外    ??    ,3258,34,825572
雅迷糊糊??女/湖北    ??    , 我在,91,38,107
BIGWUGOD,??男/湖北    ??    ,335,234,1630070
今事,??男/北京    ??    ,24211,1289,233172
野驴叔叔,??男/上海    ??    ,112404,1591,1601215
校园新鲜论,??男/甘肃    ??    ,665,657,23458
学点英语口语,??男/广东    ??    ,21866,171,4326108
三观美丽梁兴扬,??男/陕西    ??    ,40244,2663,3074988
头条热点视频,??女/北京    ??    ,48306,713,6541590
营养师顾中一,??男/北京    ??    ,22437,3024,4784392
地瓜熊老六,??男/北京    ??    ,89717,3515,6451894
这里是美国,??女/海外    ??    ,55341,123,8141532
科学探索,??男/北京    ??    ,32533,695,9714173
电商报,??男/广东    ??    ,77879,490,3992306
北京电通,??男/北京    ??    ,2652,474,17176
英国那些事儿,??男/海外    ??    ,36195,2310,12902716
扒圈老鬼,??男/其他    ??    ,26886,1383,6586928
TOEFL托福考试官方社区,??女/其他    ??    ,5312,96,819780
音乐小葩君,??女/福建    ??    ,1990,664,4935460
新京报经济新闻,??男/北京    ??    ,21381,113,341405
fayefaye0127??女/其他    ??    ,一年光阴,3968,412,2138
兔主席,??男/北京    ??    ,7799,460,1734822
偶是幸福的Stephanie,??女/上海    ??    ,4133,328,727
Iuwawu,??男/山东    ??    ,13483,981,1411
四川观察,??男/四川    ??    ,36536,562,3014373
梦济南,??女/山东    ??    ,59175,3178,1014650
首都健康,??男/北京    ??    ,29294,684,5092369
吴声威wsw,??男/上海    ??    ,7680,317,968798
CHAFORU星卡里,??女/其他    ??    ,99,5,248028
爱竹笋竹笋??女/广东    ??    ,全面的信息、独立的思考、充分的辩论，三者有内在联系，并且缺一不可。基于全面信息的独立思考，如果不经过充分辩论，就会成为邪教式的独断论。基于全面信息的充分辩论，如果没有独立思考，就会变成洋洋得意而不自知的鹦鹉学舌。而如果没有全面的信息，独立思考和充分辩论，又会像真诚却可悲的盲人摸象...,2886,388,325
猎奇菌,??女/海外    ??    ,5381,221,5180122
王敬刮痧,??男/北京    ??    ,64961,2519,2225313
中国科普博览,??男/北京    ??    ,11577,563,3629707
虾米妈咪,??女/上海    ??    ,6211,661,5603362
深圳网警,??男/广东    ??    ,36956,1571,1196983
熊猫博士DrPanda,??男/四川    ??    ,572,190,2350
央视频,??女/其他    ??    ,16297,62,2203717
屋檐下的小雨,??女/北京    ??    ,14220,3779,2637326
四川大学华西医院,??男/四川    ??    ,17367,798,486000
辟谣知真相,??男/其他    ??    ,6588,609,187628
虎嗅APP,??男/北京    ??    ,54773,1185,2073071
日本零君,??男/其他    ??    ,11972,284,3932676
武汉晚报,??女/湖北    ??    ,138508,425,7455005
中国红十字会总会,??男/其他    ??    ,3356,394,482446
哔哩哔哩弹幕网,??女/上海    ??    ,21314,171,4260939
青春星榜样,??男/北京    ??    ,2557,565,1274149
深圳吃喝玩乐嗨购,??女/广东    ??    ,6713,142,5841649
清华大学,??男/北京    ??    ,15915,33,4731667
韩流,??女/海外    ??    ,19005,987,1961198
民警刘小川,??男/安徽    ??    ,18729,484,974850
不开心治愈所,??女/广东    ??    ,32919,456,422560
蜜雪冰城,??男/河南    ??    ,5129,553,695282
鼻整形科普,??男/浙江    ??    ,1751,435,1058671
河工大化学化工学院团委,??男/河南    ??    ,20062,750,3559
静雅心理咨询??男/浙江    ??    ,国家心理咨询师、动力取向心理治疗,66506,1617,13666
美国国家地理,??男/北京    ??    ,18912,339,15274610
字幕少女,??女/北京    ??    ,6239,239,2287397
dunhill,??男/上海    ??    ,2144,148,192714
野原新芝士-??女/其他    ??    ,垃圾食品终身爱好者,249,258,172
辽沈晚报,??男/辽宁    ??    ,182048,2379,5670959
茂哥日记,??男/重庆    ??    ,9245,2411,595544
中国国家地理,??男/北京    ??    ,19985,369,11351011
握爪三宝,??男/上海    ??    ,33171,274,816328
甲历史,??男/辽宁    ??    ,6960,508,589029
冀连梅药师,??女/北京    ??    ,9166,1152,2221762
俺小黑马,??男/海外    ??    ,6646,261,6075
半月谈,??男/北京    ??    ,67607,1428,12000324
妞妞带你看世界,??女/河南    ??    ,600,284,154297
欧诗漫美如珍珠,??女/浙江    ??    ,10810,46,527152
风雨中的修行者,??男/其他    ??    ,19687,785,852206
姜N润吧_ForSuperKang,??男/其他    ??    ,27839,109,353644
鲁健,??男/北京    ??    ,3958,661,4819266
UnicornLOEYHYUN??女/江苏    ??    ,要搞全世界的漂亮男孩们～7.77～,12431,583,108
杭州微博城事,??男/浙江    ??    ,58263,4621,1881504
亚洲动物基金AAF,??女/四川    ??    ,8160,651,647156
云南发布,??男/云南    ??    ,42845,234,5188860
薛蛮子,??男/北京    ??    ,111050,3330,11606719
乐无国学,??男/浙江    ??    ,1544,459,1429676
吃瓜鹅每日搬,??男/北京    ??    ,25645,1625,3272854
文天林医生,??男/北京    ??    ,26232,965,507124
香港商缶W,??男/香港    ??    ,191065,393,1563828
荆州发布,??男/湖北    ??    ,21351,493,151340
X-BANK兴银行,??男/其他    ??    ,1854,83,25849
三思逍遥,??男/四川    ??    ,34190,2335,2270689
进击的安利,??女/海外    ??    ,15274,515,120999
第一财经日报,??男/上海    ??    ,81979,1950,20714950
南都周刊,??男/广东    ??    ,42499,440,9582857
谈典看法,??男/四川    ??    ,9903,617,12551762
北村,??男/北京    ??    ,83251,3008,1035680
子陵在听歌,??男/海外    ??    ,4357,124,594956
失焦列车,??男/其他    ??    ,15784,97,104281
娱小猫,??女/北京    ??    ,12096,545,8018534
国网湖北电力,??男/湖北    ??    ,29005,248,1005245
董默,??男/北京    ??    ,3517,259,1222362
椒江叶Sir,??男/浙江    ??    ,70708,5464,1174947
姗姗快吃,??女/湖北    ??    ,1036,113,13365
陈里,??男/北京    ??    ,33535,5260,31185161
公安部交通管理局,??男/北京    ??    ,30196,353,6711875
雪球,??男/北京    ??    ,86634,2483,1497722
捡知识,??女/福建    ??    ,32379,212,4316497
韩东言,??男/辽宁    ??    ,66035,3666,2094046
协和手足外科陈江海,??男/湖北    ??    ,3807,1571,921263
长腿叔叔,??男/北京    ??    ,3848,1073,2214076
张艺兴XingTweet翻译博,??女/海外    ??    ,11999,77,543086
科学网,??男/北京    ??    ,33548,497,1234168
泰国头条新闻,??男/海外    ??    ,46760,1071,2244887
浙江之声,??男/浙江    ??    ,64197,824,1952035
哎一股清流,??女/北京    ??    ,28356,2504,4644164
新浪新闻客户端,??男/北京    ??    ,72789,413,35695321
白菜价环球旅行JourneyCA,??男/海外    ??    ,109718,119,970330
南方周末,??男/广东    ??    ,7859,206,16381654
凤凰卫视欧洲台,??女/海外    ??    ,23814,119,7424019
萌宠舍长,??女/福建    ??    ,54532,146,602833
湖南旅游,??女/湖南    ??    ,25171,1172,573718
协和眼科Dr刘w伟,??男/湖北    ??    ,4458,1567,960023
没有人比我更懂杭之冯h,??男/北京    ??    ,82445,1884,6825450
主持人扬帆,??男/其他    ??    ,2165,82,1152799
作家崔成浩,??男/其他    ??    ,12674,0,5023963
黄智贤星球,??女/台湾    ??    ,1889,54,977668
飞碟说,??男/上海    ??    ,30543,1922,7826923
倦了0226,??男/河南    ??    ,10401,650,18646
参考消息,??男/北京    ??    ,74202,137,13608938
广西卫视,??男/广西    ??    ,38452,1901,659161
国际货币基金组织,??女/海外    ??    ,2686,23,288498
思想火炬,??男/北京    ??    ,21886,52,2981968
笑大侠,??男/广西    ??    ,91615,2037,1197875
龙立新Aaron,??男/北京    ??    ,28246,1255,1225203
翟医师,??男/河南    ??    ,8252,392,864092
邓伦公益组,??男/北京    ??    ,943,109,185147
北京头条,??男/北京    ??    ,125253,4301,26749322
武汉吃喝玩乐游,??女/湖北    ??    ,7590,459,5010121
江苏玖亚电气,??男/江苏    ??    ,96,222,12859
Lady_-_NaNa??女/湖北    ??    ,你自己非要45度的仰视别人，就别怪别人135度俯视你。。。,5158,490,766
微博韩流,??女/北京    ??    ,19872,3207,4215040
股市女人,??女/其他    ??    ,19255,188,573826
老马自奋蹄,??男/北京    ??    ,64665,3808,887128
brainnews脑科学新闻,??男/海外    ??    ,20701,466,260331
扬子晚报,??男/江苏    ??    ,175969,1786,18433673
生活晨报,??男/山西    ??    ,58704,889,489160
弹药补给君,??男/其他    ??    ,10176,114,415091
近视矫正医师李伟力,??男/广东    ??    ,1743,1620,227426
叶子淇AnnaKay,??女/其他    ??    ,1761,278,2443222
杨士传律师,??男/山东    ??    ,1422,634,671476
CGTN,??男/北京    ??    ,65536,126,5509587
和光者??男/海外    ??    ,当下觉察一切如是,19744,295,235590
心理师任苇,??女/北京    ??    ,1592,14251,2085865
汪汪特工队副队长,??女/其他    ??    ,5893,367,397
飞象网项立刚,??男/北京    ??    ,67934,2608,1214202
呵呵帝HED,??男/辽宁    ??    ,17298,727,37110
达拉斯独行侠,??男/其他    ??    ,12567,188,6316331
DaiDakey??男/广东    ??    ,求知若饥 虚心若愚 无容无财 或黑或白,1,2,273
Wonderful-wdf,??男/湖北    ??    ,154,207,407
币圈黄埔军校,??男/江西    ??    ,20280,1262,363236
咱厝人-,??男/福建    ??    ,8323,497,1724572
妇产科的陈大夫,??女/江苏    ??    ,8328,1012,2289974
杨澜,??女/北京    ??    ,8769,233,40355721
新浪浙江,??女/浙江    ??    ,70967,5220,1724204
导演米家山,??男/北京    ??    ,10199,654,234590
鲨鱼电影,??男/辽宁    ??    ,8628,846,4420973
沈阳沈北公安,??男/辽宁    ??    ,63775,519,129855
宋药师,??男/河北    ??    ,58603,1005,1008092
郎咸平,??男/上海    ??    ,1437,28,17542054
中央人民广播电台,??男/北京    ??    ,49843,879,5493005
职业小散-刘昌松,??男/北京    ??    ,8699,6,919006
橘子娱乐,??女/北京    ??    ,57756,1153,8095344
仍信永久,??女/海外    ??    ,55677,291,18055
中国联通,??男/北京    ??    ,36360,523,7357756
俞敏洪,??男/北京    ??    ,1671,198,15835503
南充网警巡查执法,??男/四川    ??    ,6247,696,19103
蜘蛛的蛛蛛,??女/湖北    ??    ,2966,76,205
韩国me2day,??男/海外    ??    ,229823,215,26522444
浴中奇思,??男/浙江    ??    ,17760,1014,827823
心有阳光不喜忧伤,??女/其他    ??    ,967,330,262
赵木杉_ATTO,??男/陕西    ??    ,27652,2145,69104
知乎热榜,??男/北京    ??    ,7114,204,569409
刘骁骞,??男/海外    ??    ,7422,163,1920149
牙齿矫正上海季医生,??女/上海    ??    ,5028,118,26756
帝吧官微,??女/香港    ??    ,11335,585,1279955
光头帮主,??男/山东    ??    ,37259,3676,194195
中国历史研究院,??男/北京    ??    ,2978,361,1091987
SECHSKIES_OFFICIAL,??男/海外    ??    ,426,19,173821
最高人民检察院,??男/北京    ??    ,34257,249,13294798
芒果捞小萌妹,??女/海外    ??    ,5977,190,5010617
顶尖摄影观赏,??女/北京    ??    ,26578,67,10442602
张昕宇梁红,??男/北京    ??    ,3278,533,4280698
张胜军,??男/甘肃    ??    ,93732,19974,617370
WeLens,??男/北京    ??    ,41616,144,1348847
我是饱受屈辱的监查员,??男/海外    ??    ,8580,112,36280
龚晓明医生,??男/北京    ??    ,15770,215,4802572
荐见,??男/北京    ??    ,13083,774,857501
剑网3官方微博,??男/广东    ??    ,18650,923,3387569
CCTV网络春晚,??男/北京    ??    ,33657,411,5823374
饭饭,??男/北京    ??    ,8421,515,3084994
家有安大魔王,??女/江苏    ??    ,4479,391,954
奋斗在韩国,??女/海外    ??    ,98114,392,7543610
星闻爱豆,??女/江苏    ??    ,6213,375,2083921
最治愈的视频,??男/河南    ??    ,115224,291,727722
F伯爵,??男/北京    ??    ,24613,547,442495
辽视第一时间,??男/辽宁    ??    ,251982,2962,1565047
娱乐报姐,??女/上海    ??    ,7649,607,4360001
浙江卫视,??男/浙江    ??    ,89013,1102,7550915
真香科普君,??女/广东    ??    ,802,93,1863886
健康苏州,??男/江苏    ??    ,3614,149,16486
局部气候,??男/北京    ??    ,827,120,1398103
习五一,??女/北京    ??    ,35483,69,2703502
姜奕丞alex,??男/辽宁    ??    ,460,449,3343
铁路网,??男/北京    ??    ,2129,481,148355
21世纪经济报道,??男/广东    ??    ,98159,800,21100299
理性的白痴,??男/江苏    ??    ,11637,1110,531990
初心炸鸡,??男/海外    ??    ,5093,526,119771
英国RedScarf,??女/海外    ??    ,33896,176,549656
行游大连,??男/辽宁    ??    ,114312,627,1082913
神和她的孩子在跳舞,??男/香港    ??    ,12505,504,9608
卢麒元,??男/香港    ??    ,27754,1906,1293300
猎奇研究所,??男/北京    ??    ,15921,129,142792
北京人的新鲜事,??女/北京    ??    ,8295,50,2425667
安普若-外号安校长,??男/海外    ??    ,38792,3071,1641506
智慧科技迷,??男/广东    ??    ,77372,449,8543398
何新老家伙,??男/北京    ??    ,18049,878,469046
武了个汉,??女/湖北    ??    ,14554,2106,337644
焦糖宣布丁,??女/山东    ??    ,675,324,166
思明博览,??男/福建    ??    ,77366,3028,1022828
Vetrax嚣张卫视,??男/北京    ??    ,119218,2649,348097
上海市场监管,??男/上海    ??    ,13498,285,421919
武汉同城,??男/湖北    ??    ,52298,1344,802978
美食与旅行酱,??男/内蒙古    ??    ,14754,813,4146674
青岛晚报,??男/山东    ??    ,96440,2971,2539397
央视财经,??男/北京    ??    ,95879,587,36516863
中山大学,??男/广东    ??    ,14785,426,702035
wvov,??女/浙江    ??    ,1167,685,457
头条合肥,??男/安徽    ??    ,15078,563,1094113
局座召忠,??男/北京    ??    ,1793,151,13933294
Dear-恒星的恒心,??女/陕西    ??    ,982,89,263
燕赵都市报,??男/河北    ??    ,47123,1743,10241490
夸克有声QuarkAudio,??男/四川    ??    ,93,284,565
哈佛小姐姐Susana,??女/浙江    ??    ,857,539,18785
徐凤文,??男/天津    ??    ,51941,1795,255525
卤煮疫苗,??男/北京    ??    ,28490,865,409484
大连生活,??男/辽宁    ??    ,19712,506,1718959
王随机,??男/湖北    ??    ,4950,2087,1408173
重庆发布,??男/重庆    ??    ,50213,299,1892687
天文在线,??男/云南    ??    ,73631,653,3625354
不中用的大头??女/其他    ??    ,个性懒散，喜欢看书，爱好美食,17,177,97
口译Allen老师,??男/北京    ??    ,8275,589,936588
长沙警事,??男/湖南    ??    ,45837,1112,1740142
纪春生在美国,??男/海外    ??    ,12740,802,431898
山西发布,??男/山西    ??    ,32387,735,355605
台下十年功夫,??男/北京    ??    ,27121,235,791321
育儿网官方微博,??女/江苏    ??    ,21771,130,1166431
电竞赛事猪,??女/海外    ??    ,4255,346,128427
上官荣,??女/上海    ??    ,11406,153,316629
新浪湖南,??男/湖南    ??    ,57663,4950,1529398
微博新鲜事,??男/北京    ??    ,22160,350,16869500
央视体育,??男/北京    ??    ,121816,603,23881914
华闻周刊,??男/北京    ??    ,28657,514,1849982
辣眼君,??女/海外    ??    ,1021,100,1279348
金山传播,??男/上海    ??    ,62721,786,99035
超级剧探王,??女/四川    ??    ,4236,274,1458011
今日悉尼,??男/海外    ??    ,108784,779,368215
中国网,??男/北京    ??    ,89369,460,4906335
我和动漫的日常,??男/上海    ??    ,17351,151,5463810
生态环境部,??男/北京    ??    ,19197,545,2603929
和硕礼亲王,??男/北京    ??    ,11319,255,627474
辣叶摧秋,??男/浙江    ??    ,51864,1818,240254
sk糖王周毅,??男/江苏    ??    ,1620,590,944316
旅游科长,??男/云南    ??    ,24287,1113,5408093
新浪资讯台,??男/北京    ??    ,104756,2103,11371077
何君JuniusHo,??男/香港    ??    ,2171,1019,1109838
瘦驼,??男/北京    ??    ,39171,1775,6123194
北京人北京事儿,??男/北京    ??    ,34540,263,5200840
中医田应旭,??男/湖北    ??    ,14405,259,24912
武汉热生活,??女/湖北    ??    ,7522,449,5003049
解放军报,??男/北京    ??    ,102525,323,21398734
萝卜报告,??男/北京    ??    ,35886,271,4497930
徐付群,??男/北京    ??    ,37850,2197,2467831
视角_日本,??男/海外    ??    ,30663,531,1366577
王小东,??男/北京    ??    ,98799,885,2530924
lesliesay,??男/上海    ??    ,69056,76,2210009
-半边修竹半边兰-??男/江苏    ??    ,山川河流  岁月静好,15507,72,307
国民不得不看,??男/北京    ??    ,18939,239,835430
肛肠外科邢云丽医生,??女/上海    ??    ,8462,428,1077980
北京晚报,??男/北京    ??    ,108355,1895,16391451
柚子超会买,??男/其他    ??    ,32846,32,1562284
时尚旅者,??男/云南    ??    ,8139,371,1406391
CoccinellaDesign叩启,??女/江苏    ??    ,171,31,25738
湖北日报,??男/湖北    ??    ,100089,401,4147692
李丨想丨主丨义,??女/其他    ??    ,144,5,3290
新民周刊,??男/上海    ??    ,117765,877,29492232
株洲公安,??男/湖南    ??    ,16126,563,142262
欧洲时报,??男/海外    ??    ,31398,592,788543
北美美容快报,??女/海外    ??    ,51571,107,1554880
1818黄金眼,??男/浙江    ??    ,56739,417,8326638
__Kunkun,??女/海外    ??    ,1247,416,50856
毕啸南,??男/北京    ??    ,684,167,256839
中科大胡不归,??男/安徽    ??    ,55244,689,2511067
文汇报,??男/上海    ??    ,67788,1737,1729320
安阳日报,??男/河南    ??    ,27763,205,746609
是小云朵啊??女/广西    ??    ,来去请随意。,574,272,141
DrX说,??男/海外    ??    ,2110,361,189843
少儿美术课程分享,??女/福建    ??    ,1436,284,70670
成都发布,??男/四川    ??    ,116489,1083,10152502
年糕妈妈,??女/江苏    ??    ,10836,407,3268148
宋清辉,??男/广东    ??    ,109911,93,10101542
西安身边事,??女/陕西    ??    ,74692,1997,1284924
杨建国,??男/河南    ??    ,98818,3204,2576241
吃瓜鹅每日速报,??男/北京    ??    ,28369,75,2072821
HEAR呼海,??男/上海    ??    ,9617,263,372450
德国艺术,??女/北京    ??    ,15478,1961,1173530
中新经纬,??男/北京    ??    ,42107,2469,10584607
问政山东,??男/山东    ??    ,5262,228,46883
财联社CC新闻,??男/上海    ??    ,2411,439,245162
荆州日报,??男/湖北    ??    ,40995,618,376317
Judydoll橘朵,??男/上海    ??    ,2919,132,170777
游医生指北,??女/北京    ??    ,2479,342,827228
香港文RW,??男/广东    ??    ,84994,481,1721781
微韩国,??女/海外    ??    ,911,224,324226
司法部,??女/北京    ??    ,12001,275,1270165
剥洋葱,??男/北京    ??    ,216,40,430871
人民日报海外版-海外网,??男/北京    ??    ,86486,265,4515600
北京市疾病预防控制中心,??男/其他    ??    ,9055,432,1809446
英语,??女/海外    ??    ,872,48,43307
就让我222不完,??男/湖北    ??    ,387,766,322
沈阳市天气预报-天气微博网,??女/辽宁    ??    ,4411,1982,11496
钱江晚报,??男/浙江    ??    ,108698,436,6809242
月风_投资笔记,??男/北京    ??    ,7771,353,722596
无为李爷,??男/北京    ??    ,17463,892,646614
羊城晚报,??男/广东    ??    ,142779,660,12083107
健康界,??男/北京    ??    ,49705,2565,2418746
伊丽莎白骨精啊,??女/北京    ??    ,23124,1103,2180338
鹅要火,??女/北京    ??    ,23564,51,52426
新浪厦门,??男/福建    ??    ,91731,4868,1793956
上海热门资讯,??男/上海    ??    ,65333,3020,1219648
每回逗你笑,??男/北京    ??    ,27960,124,144554
泌尿外科杨大夫,??男/四川    ??    ,11411,2330,621195
全球IT数码排行榜,??女/北京    ??    ,5907,354,2379162
呆橘花胖子,??女/北京    ??    ,26191,121,627871
娱乐红颜,??女/上海    ??    ,3892,1428,3555004
IT互联网资讯,??男/北京    ??    ,27792,711,3451884
周思成,??男/湖南    ??    ,24286,893,4694526
新华日报,??男/江苏    ??    ,73091,487,10031521
成都关工委,??男/四川    ??    ,58469,931,369536
沈阳发布,??男/辽宁    ??    ,44397,176,2964818
中国气象数据,??男/北京    ??    ,30949,393,862291
桃小兔Maggie,??女/海外    ??    ,9916,2852,7446
呼吸科大夫胡洋,??男/上海    ??    ,4517,123,1026573
中国地震台网速报,??男/北京    ??    ,24347,385,11263194
校园咨询君,??女/北京    ??    ,35123,1562,936817
今晚报,??男/天津    ??    ,134168,2888,11359591
幽默趣事大百科,??男/湖北    ??    ,1044,326,2008484
大仙女张小闹,??女/云南    ??    ,4940,843,309798
命-理-午戌轩,??男/广东    ??    ,2082,538,2328491
壹基金,??男/广东    ??    ,11600,1385,2190082
凤凰李淼,??女/海外    ??    ,8971,234,1435279
t|方,??男/北京    ??    ,3078,324,125136
兔兔吃瓜娱乐,??男/北京    ??    ,21966,294,2020158
九州艺品,??男/吉林    ??    ,142365,6811,1433788
第二镜头,??男/北京    ??    ,23342,156,579817
反吃瓜联盟,??男/海外    ??    ,6531,313,260514
广东共青团,??女/广东    ??    ,92873,277,1334093
大学知事,??女/天津    ??    ,2969,285,362766
香蕉没毛病,??女/海外    ??    ,58306,158,1523211
余不痛经-余应伟大夫,??男/北京    ??    ,3969,529,804416
英国院校那些事,??女/北京    ??    ,22773,544,3034500
中国生物CNBG,??男/北京    ??    ,2203,954,15151
潜龙FTCT,??男/北京    ??    ,206,351,348
广州交通电台,??男/广东    ??    ,44690,756,1158942
草书大师,??女/北京    ??    ,10148,1463,725486
东方财富网,??男/上海    ??    ,96551,1793,2484585
青蜂侠Bee,??男/北京    ??    ,13892,822,2832652
肿瘤专科医生,??男/福建    ??    ,17950,278,3586628
是超妹儿,??女/湖南    ??    ,66,0,2442
早报网,??女/海外    ??    ,54962,131,3252612
新浪山西,??男/山西    ??    ,29011,2665,1158986
文妈家的小文文,??女/北京    ??    ,5628,906,122493
全球最好看的电影,??女/香港    ??    ,53154,5069,1828220
北京卫视,??男/北京    ??    ,47924,770,7106840
李叁柒Max,??男/福建    ??    ,658,148,3588587
大马头条新闻,??男/海外    ??    ,12515,298,282728
国家邮政局,??男/北京    ??    ,3006,170,331207
武汉市第一医院,??男/湖北    ??    ,2504,258,37616
娱扒爷,??男/其他    ??    ,15241,239,3032560
波特卡斯D艾斯的老婆,??女/其他    ??    ,446,77,198
杭州网,??女/浙江    ??    ,117465,603,1784944
微博政务,??女/北京    ??    ,33349,3696,1998545
IT之家,??男/山东    ??    ,141418,681,5971594
百诺恩财神家族,??女/北京    ??    ,6065,1090,809133
北京首大眼耳鼻喉医院,??男/北京    ??    ,3719,298,113883
沸点视频,??女/北京    ??    ,14023,1326,5956433
围脖母婴频道,??女/北京    ??    ,12314,398,1550288
财经杂志,??男/北京    ??    ,6552,387,4799552
没人喜欢的夜猫君??男/其他    ??    ,估计教授应该是割了学校高层领导后面那些皇亲国戚的韭菜,41,170,86
新浪安徽,??男/安徽    ??    ,57306,4679,1391110
野田洋次郎twitter搬运,??男/海外    ??    ,5177,4,17806
泰拳刚猛,??男/海外    ??    ,21422,1561,964099
朱筱吟医生,??女/上海    ??    ,5041,883,67219
英国驻华使馆,??男/北京    ??    ,8191,1217,1822397
BOSSE唐博,??男/北京    ??    ,503,307,625076
国际劳工组织北京局,??男/北京    ??    ,986,87,24228
作家西原秋,??男/北京    ??    ,11485,2662,544660
何凯文,??男/北京    ??    ,10165,30,9720631
历史探秘,??男/浙江    ??    ,4285,37,1158329
台湾那点事儿,??男/辽宁    ??    ,37636,223,885252
杭州事儿君,??男/浙江    ??    ,9112,851,1622169
麦卡PULP,??男/广东    ??    ,11142,600,50077
郭松民,??男/北京    ??    ,30759,2386,1326706
让你笑坏了,??女/河南    ??    ,32717,161,166424
张家界先生,??男/湖南    ??    ,26008,11241,865014
河南日报,??男/河南    ??    ,83987,825,6219478
风吟听竹,??男/浙江    ??    ,82902,2648,394119
平常心LFX,??男/河北    ??    ,146604,3243,7427
极客村长,??男/其他    ??    ,27123,1102,3823467
看看这个有趣的世界,??女/天津    ??    ,8540,27,99491
西皮娱乐,??女/北京    ??    ,14032,854,6157097
中报视频,??女/北京    ??    ,6946,142,1006917
深扒皮,??女/北京    ??    ,3718,354,2580250
多事之眼,??男/广东    ??    ,5144,1995,64096
大河报,??男/河南    ??    ,136690,2081,13601615
~子张野,??女/海外    ??    ,22040,2767,893952
小逗比神吐槽,??男/辽宁    ??    ,71614,133,6745732
投资伯乐,??男/广东    ??    ,24635,5566,513245
赣州发布,??男/江西    ??    ,35655,519,118676
第一新闻,??女/陕西    ??    ,139279,1372,4214233
1058小昕,??女/湖北    ??    ,7340,722,18303
上海攻略君,??女/上海    ??    ,7570,82,2049618
北京政法,??男/北京    ??    ,30650,849,1215042
ZEALER,??女/广东    ??    ,29021,790,2487357
医学界网站,??男/上海    ??    ,19536,1747,2557402
东方网1站视频,??男/上海    ??    ,13021,348,158501
显像管MMD,??男/北京    ??    ,5965,108,112669
警民直通车-上海,??男/上海    ??    ,56434,1398,5045774
汕头吃喝玩乐,??男/广东    ??    ,28340,1040,754764
帅逼陈二狗,??男/广东    ??    ,51583,170,8503905
江枫时评,??男/北京    ??    ,31675,4291,1368045
亟兮般若,??男/重庆    ??    ,44963,697,1597089
北京青年报,??男/北京    ??    ,115741,1478,13491690
于晓攀,??男/天津    ??    ,13623,2270,801463
纪录片之声,??女/天津    ??    ,18226,251,806323
整形医生张干林,??男/广东    ??    ,2452,9392,240026
微博银川,??男/宁夏    ??    ,16915,876,2966402
吴晖,??男/陕西    ??    ,2024,2434,1324103
咪咕乐访,??女/四川    ??    ,5966,758,590240
价值投资日志,??男/广东    ??    ,115912,1278,1490340
连鹏,??男/其他    ??    ,20832,1856,1238697
工信微报,??男/北京    ??    ,10696,326,4255089
黄曦,??女/福建    ??    ,1920,235,9337
竺映波,??女/上海    ??    ,290,30,331247
一只自由的小精灵,??女/其他    ??    ,6046,755,3340
沧州城事儿,??女/河北    ??    ,11527,645,123698
长江云官方微博,??男/湖北    ??    ,47833,1027,781522
甘肃发布,??女/甘肃    ??    ,50841,647,2906439
滁州身边事,??女/安徽    ??    ,12050,839,221120
风闻社区,??女/其他    ??    ,18468,513,2081036
律师陆伟民,??男/上海    ??    ,4243,1372,237938
浙江新闻频道,??男/其他    ??    ,22448,450,1099244
|瀛流水,??男/海外    ??    ,6444,704,4358
傻子笙歌,??男/北京    ??    ,19977,201,1375115
香港lHKS,??男/香港    ??    ,44378,326,402022
凤凰网娱乐,??女/北京    ??    ,70455,680,7804287
月亮湖视频,??男/湖北    ??    ,42283,258,425158
经济之声,??男/北京    ??    ,58667,292,16353987
网易财经,??男/北京    ??    ,119278,970,3194087
麻辣D仔Divus,??女/上海    ??    ,852,1553,1255957
BIllionaireJing,??男/重庆    ??    ,36,178,779
彭州发布,??男/四川    ??    ,42663,702,653422
人民海军,??男/北京    ??    ,2522,251,1387468
大河报豫视频,??女/河南    ??    ,5974,241,182685
湖北税务,??女/湖北    ??    ,620,5,29467
袁者之,??男/广东    ??    ,8101,1150,742677
今日华尔街??男/海外    ??    ,【5个简单技巧训练批判性思维】我们很幸运生活在这样一个人类知识的积累只要动动手指就能获得的时代，我们从来没有机会接触如此多的信息，但并不是所有的东西都是它表面看起来的那样，我们需要对信息进行帅选、甄别、提炼后再吸收，这里给你5个技巧帮你你避免不慎误入歧途，培养你的批判性思维。...,4843,107,2112882
迟夙生律师,??女/黑龙江    ??    ,125247,10433,3069064
张大根儿,??男/黑龙江    ??    ,1308,582,3995
齐鲁网,??女/山东    ??    ,66187,486,1976976
阮斯林雅Swan,??女/四川    ??    ,638,384,21973
中国正能量,??男/山东    ??    ,21195,52,4625572
福多多剧有福,??女/浙江    ??    ,53012,987,2465472
深圳微博发布厅,??女/广东    ??    ,90983,1015,2426702
万家八卦,??男/江苏    ??    ,9819,289,736996
湖北新闻,??女/湖北    ??    ,28152,72,576791
haibaraemily,??女/湖北    ??    ,4921,469,750753
北京人和北京事儿,??男/北京    ??    ,13179,56,747167
#NAME?,??男/江苏    ??    ,2470,1297,216988
平安南京,??男/江苏    ??    ,30172,439,2691868
湖北之声,??男/湖北    ??    ,82457,592,1012476
中国政府网,??男/北京    ??    ,28779,74,18908545
疾控科普,??女/北京    ??    ,1642,32,290692
江煜朗??男/上海    ??    ,一个想活成狮子的水瓶。,1546,373,263
爱讲笑话的特长生,??男/四川    ??    ,31776,654,1151251
国家应急广播,??男/北京    ??    ,104110,390,2487473
柯岚-教书的人,??女/湖北    ??    ,14324,907,293795
CCTV焦点访谈,??男/北京    ??    ,3454,189,3393369
黄掌柜007,??男/北京    ??    ,8418,770,661036
山东卫视,??男/山东    ??    ,49606,1125,8029302
剧墨人,??男/海外    ??    ,1899,49,128382
ICU胡医生,??男/湖北    ??    ,357,260,909605
禅古禅今,??男/其他    ??    ,29082,1090,1263684
沈阳sz1961sy,??男/北京    ??    ,92617,3949,38810
苏州发布,??男/江苏    ??    ,102209,849,2527522
啾咪小杏酱,??女/其他    ??    ,4732,602,164866
健康上海12320,??男/上海    ??    ,17629,302,804062
疾风中青挪,??男/香港    ??    ,3548,136,252484
京讯网安徽,??男/安徽    ??    ,34837,2401,1656849
东风快递,??男/北京    ??    ,5859,163,2363006
日语翻译社,??女/海外    ??    ,2180,225,341778
秦淮发布,??男/江苏    ??    ,50264,1188,932437
博客天下,??男/北京    ??    ,15128,437,1728059
芒果捞小萌主,??男/海外    ??    ,13675,776,2203911
火爸朱剑笛,??男/江苏    ??    ,30212,317,2756710
周思CIO,??男/北京    ??    ,30460,278,688890
中国广州发布,??女/广东    ??    ,66178,641,5293842
GRE考试官方社区,??男/北京    ??    ,2441,22,195163
网信银川,??男/其他    ??    ,1454,362,2818
逸行,??女/北京    ??    ,7702,811,1259164
那一片苦海,??女/广西    ??    ,13274,5578,212298
芒果影视台,??女/湖南    ??    ,31176,1036,4368905
太原都市,??男/山西    ??    ,22716,4747,685493
紫荆树,??女/香港    ??    ,33825,1485,2615963
深圳卫视_直播港澳台,??女/广东    ??    ,12783,466,737175
央视网青年,??女/北京    ??    ,8991,345,1319352
杨好好lucy,??女/重庆    ??    ,744,724,1087
没事儿瞎吐槽,??男/北京    ??    ,106518,901,2268903
自贡网,??男/四川    ??    ,11258,1658,122358
趣画画,??男/北京    ??    ,12541,432,198907
三联中读,??男/北京    ??    ,10136,250,115959
一r海岸,??男/北京    ??    ,7916,634,162960
Cars-Power,??男/北京    ??    ,32982,625,1183466
白居易白大人,??女/广东    ??    ,1839,290,447
新浪赛车,??男/北京    ??    ,58765,470,2268014
唐山发布,??男/河北    ??    ,19956,233,472643
南宁人不知道的南宁事,??女/广西    ??    ,22716,674,944326
盐城康众汽配连锁de包道伟,??男/江苏    ??    ,1803,446,1421
BBC_英伦网,??男/海外    ??    ,16003,37,396578
首都儿科研究所,??女/北京    ??    ,10546,299,1751353
微博国画,??男/北京    ??    ,24654,561,855546
公益小雷,??女/四川    ??    ,100174,4480,1464070
耿直的阿拉斯加猪,??男/北京    ??    ,13081,1756,453427
思想品读,??女/辽宁    ??    ,103039,297,205800
Ski兮颜,??女/江苏    ??    ,1402,1371,113191
一分钟学琴,??男/北京    ??    ,655,22,11360
四川手机报,??男/四川    ??    ,56169,951,1146353
青衫不改旧人还吖,??男/海外    ??    ,3707,234,201779
高冷与帅,??男/北京    ??    ,330,1496,218750
AC蓦然回首,??女/北京    ??    ,77043,5200,293155
有料,??女/北京    ??    ,9862,300,1215654
长江日报,??男/湖北    ??    ,145340,737,4221670
・长夜有星辰,??男/山东    ??    ,2263,787,264570
青岛发布,??男/山东    ??    ,49537,1151,3924372
如章同志,??男/湖北    ??    ,691,167,17106
CC讲坛,??男/北京    ??    ,3632,585,124286
猫er的小耳朵,??女/陕西    ??    ,3998,343,3965
机智的小王同学丶,??女/湖北    ??    ,937,145,2091
邹爱标-医学营养治疗,??男/北京    ??    ,7007,290,352220
公路美学,??男/北京    ??    ,23611,1751,472834
牙齿矫正正畸袁峰,??男/上海    ??    ,12840,423,600723
小满,??男/陕西    ??    ,23460,965,3537506
钱江视频,??男/浙江    ??    ,27533,841,2712983
西地兰,??男/云南    ??    ,5119,1133,79447
快兰斯24小时财经直播,??女/海外    ??    ,618837,536,516987
新浪山东,??女/山东    ??    ,59552,5430,1877713
东方网,??女/上海    ??    ,104919,423,5143671
最美字体,??男/云南    ??    ,33559,1377,915207
后沙月光本尊,??男/河北    ??    ,18240,562,3064300
中国数字科技馆,??男/北京    ??    ,38155,546,8306425
小V脸姐,??女/四川    ??    ,1117,102,623959
西安商网,??女/陕西    ??    ,40957,845,345725
我腹肌好疼,??男/河南    ??    ,100242,511,659569
FTIsland吧官方微博,??男/海外    ??    ,26865,161,219673
小光同WRunning,??男/广东    ??    ,3086,1271,1100
什锦八宝bot,??女/天津    ??    ,620,8,28438
阳江网警巡查执法,??男/广东    ??    ,1668,189,2498
体坛周报,??男/北京    ??    ,28758,439,4186204
动感936,??男/湖北    ??    ,16149,50,40571
江西日报,??男/江西    ??    ,99018,1069,3741087
热门资讯第一线,??男/北京    ??    ,15479,516,758944
顶尖设计,??男/辽宁    ??    ,8810,783,1231267
宋鸿兵,??男/北京    ??    ,16794,327,2305626
锋潮科技,??男/广东    ??    ,46616,282,2555795
证券时报网,??男/广东    ??    ,78232,732,2275571
国民八戒,??男/江苏    ??    ,229,17,36913
不完美的青春2017,??男/江苏    ??    ,512,447,138
山下智博,??男/上海    ??    ,11323,628,1306893
A-BOnAir,??女/广东    ??    ,529,159,21955
青岛西海岸新闻网,??男/山东    ??    ,9525,435,155914
网上趣事,??女/重庆    ??    ,26847,311,155028
美股C姐,??女/海外    ??    ,9080,47,112145
咩柚耶普达,??女/其他    ??    ,9076,748,480
每日医学资讯,??男/北京    ??    ,27323,374,2205326
转转APP,??男/北京    ??    ,3106,760,525051
雅思天后刘薇,??女/北京    ??    ,17036,208,1748861
河北日报,??女/河北    ??    ,73091,1668,3295665
马桥老娘舅,??男/浙江    ??    ,91565,2217,68589
成都文理学院,??男/四川    ??    ,9695,240,60967
南京发布,??女/江苏    ??    ,55671,2151,4044536
新浪佛学,??男/北京    ??    ,23738,488,685294
中影小水,??女/其他    ??    ,29375,883,2196058
辽宁对外经贸学院,??男/辽宁    ??    ,11639,763,14050
惊回首,??女/北京    ??    ,3469,1158,36531
深蓝财经,??女/北京    ??    ,84436,2487,958178
长沙小点点,??女/湖南    ??    ,51806,616,1331842
医学手札,??男/天津    ??    ,15139,2799,1210188
轮胎粑粑,??男/天津    ??    ,1513,134,1155192
黄蓓依,??女/浙江    ??    ,25167,1528,180022
Glamour_JENNIE资源博,??女/海外    ??    ,20757,69,155476
暴雪游戏姬,??女/浙江    ??    ,17735,396,1066578
疯狂猎奇少女,??女/北京    ??    ,12179,27,109815
每日天下事,??女/上海    ??    ,5995,1270,13076
李伯清,??男/四川    ??    ,1922,386,3866852
香港老友,??男/其他    ??    ,8096,1392,609748
威海美探,??女/北京    ??    ,334,335,29053
大懒糖,??男/海外    ??    ,28169,999,6629046
医学知识总览,??男/北京    ??    ,15063,188,211435
河南省卫生健康委,??男/其他    ??    ,690,25,139667
_xiaohanjian,??女/其他    ??    ,140,697,309
宝坻发布,??男/天津    ??    ,67014,303,142888
天府发布,??女/四川    ??    ,36982,607,341970
品玩,??男/海外    ??    ,32907,798,1080895
妇科医生汪炼,??女/重庆    ??    ,696,208,765
小幸运-吖,??女/山西    ??    ,2424,818,126013
程逸风,??男/澳门    ??    ,2773,320,97812
司马南,??男/北京    ??    ,49134,2432,2134000
新丐帮网官微,??女/北京    ??    ,6574,151,308583
京彩好评,??男/北京    ??    ,2761,368,108871
法治日报,??男/北京    ??    ,84536,1220,4328247
金山二姐,??女/北京    ??    ,31001,498,349332
微言教育,??男/北京    ??    ,18282,247,8142982
淄博警方,??女/山东    ??    ,76869,1107,872181
少女・Qing,??女/江西    ??    ,38,266,27
体育爆料侠,??男/浙江    ??    ,4883,277,216428
游资之路,??男/河北    ??    ,6271,235,438472
盖^司令,??男/其他    ??    ,27870,1371,8886139
小区大爷真可爱,??男/安徽    ??    ,1238,758,838
George-瓜瓜,??男/上海    ??    ,51966,222,123137
电影热映榜,??男/香港    ??    ,10775,62,3475943
健康四川官微,??男/四川    ??    ,5359,611,358926
Ryuusei流星・0805x1005・,??女/其他    ??    ,177,20,48671
呼市人不知道的呼市事儿,??男/内蒙古    ??    ,4420,287,303934
民法钟秀勇,??男/北京    ??    ,746,83,910684
黄西炮,??男/海外    ??    ,8041,1484,1192652
山东环境,??男/山东    ??    ,104476,1028,822722
新浪电影,??男/北京    ??    ,59566,1941,32025998
金陵晚报,??女/江苏    ??    ,11226,1226,7302947
李先生正论,??男/湖北    ??    ,456,350,3558
我是殷宜,??女/北京    ??    ,15487,1369,3232832
重庆消防,??男/重庆    ??    ,25060,162,1032385
陈君乐,??男/上海    ??    ,19094,398,2171077
新浪证券,??男/北京    ??    ,127771,2348,3445243
日光冲天,??男/浙江    ??    ,33240,2756,122427
中医杨桢,??男/北京    ??    ,16462,990,1007450
科工力量,??男/上海    ??    ,21545,384,2194285
中国警察网,??男/北京    ??    ,48082,555,3774569
和一只大象去散步,??男/海外    ??    ,68,71,347
猫扑,??女/北京    ??    ,137837,331,5314707
全球经典音乐影视,??女/北京    ??    ,18374,365,3559436
青岛卫生健康,??女/山东    ??    ,32307,402,196010
日系画册,??男/海外    ??    ,15013,15,5473317
直新闻,??男/广东    ??    ,17476,130,792350
如歌7102,??女/其他    ??    ,24148,1486,1695
罗妮zyzyyuan,??女/北京    ??    ,70986,2897,797375
长沙县发布,??男/湖南    ??    ,7000,627,28504
PerfectDiary完美日记,??男/广东    ??    ,2598,167,573839
东方卫视番茄台,??女/上海    ??    ,26149,964,9699245
长三角铁路,??男/上海    ??    ,29665,1337,2081631
张云雷法律后援会,??男/北京    ??    ,1464,113,22034
环球市场播报,??男/北京    ??    ,216837,823,5213257
_LiangYongQi,??女/山东    ??    ,380,1281,12446
USA美国那些事儿,??女/海外    ??    ,19992,447,2900668
fengfeixue0219,??男/上海    ??    ,12448,707,152258
四川省人民医院官方,??男/四川    ??    ,2713,1143,879501
柠檬木聚糖,??男/海外    ??    ,6453,865,188462
球探号,??男/河南    ??    ,933,766,1041985
象山小胖总,??男/其他    ??    ,122,80,51373
小猪猪天天开心,??女/湖北    ??    ,634,93,3283
这个芝士不太冷,??男/北京    ??    ,6144,349,879358
中国日报中文网,??男/北京    ??    ,19547,300,449778
布道宽窄,??男/四川    ??    ,15484,196,596940
记者陈青青,??女/北京    ??    ,1346,701,172468
阚国臣v,??男/黑龙江    ??    ,1372,4610,10053
廾[_R??女/其他    ??    ,虽千万人吾往矣。20.12.20,132,122,1955
河南大事小事,??男/河南    ??    ,19245,3024,134412
那件小事,??女/陕西    ??    ,1658,354,163
掰腿老黄,??男/北京    ??    ,23134,1433,630575
投行泰山,??男/海外    ??    ,47721,28,350279
Diamond昕妤,??女/四川    ??    ,1968,330,1525
健康杭州,??男/浙江    ??    ,14060,146,3768
YD大佬易,??女/河南    ??    ,229,96,90
虎扑篮球,??女/上海    ??    ,143389,1077,11833643
浙江在线,??男/浙江    ??    ,95312,1384,1040245
刘宥宥Anna??女/山西    ??    ,黑夜无论怎么幽长，白昼总会到来,1072,276,307
四川发布,??男/四川    ??    ,73398,393,6550340
张颐武,??男/北京    ??    ,24189,925,9226693
中国森林消防,??男/北京    ??    ,6203,522,1375002
无锡新周刊,??男/江苏    ??    ,21914,239,32434
五环短视频,??男/浙江    ??    ,11955,7013,890701
学妇产科的董小姐,??女/山东    ??    ,2697,373,254231
反观察??男/河北    ??    ,平淡的一切平淡的心,2356,934,437
医疗圈那点事,??男/北京    ??    ,45321,297,1447426
津彩生活,??男/香港    ??    ,84436,2245,267440
霍小兵,??男/北京    ??    ,192382,1736,626050
青年励志语录,??女/上海    ??    ,28921,285,1512398
王小波18,??男/北京    ??    ,1241,1823,470667
凤凰视频客户端,??男/北京    ??    ,17045,297,298900
青团姑娘,??女/北京    ??    ,7859,551,341467
红网,??男/湖南    ??    ,74163,877,3545751
应急管理部,??男/北京    ??    ,13627,227,1912849
北京发布,??男/北京    ??    ,71612,610,8701821
新任校长,??女/山东    ??    ,7617,556,919589
武汉微博房产,??男/湖北    ??    ,28887,468,784511
覃道锐医生,??男/四川    ??    ,2266,138,2937488
安徽公安在线,??男/安徽    ??    ,54129,1268,6630826
童话里你的样子,??女/其他    ??    ,4212,120,2632
蒙萌??女/陕西    ??    ,工作邮箱:   fionamengmeng@126.com,2131,492,4689
红星视频,??男/四川    ??    ,28164,821,1801105
喵娘叫做徐小喵,??女/上海    ??    ,6169,260,335802
陶永谊,??男/北京    ??    ,17829,1757,542265
百盛h,??男/上海    ??    ,6555,1179,408640
首尔星河湾_koreatong,??男/海外    ??    ,13083,1946,178643
李英航,??男/北京    ??    ,7050,2218,32494
航空物语,??女/北京    ??    ,40391,911,6238677
教头是也,??男/北京    ??    ,146966,4881,203520
人才76116,??男/上海    ??    ,14904,175,788925
龙魂骑兵,??男/浙江    ??    ,64285,18575,1935429
健康泗县,??男/安徽    ??    ,11870,78,10695
杨书琴YSQ??女/河南    ??    ,雨过琴书润 风来翰墨香,665,167,82
思多金,??男/上海    ??    ,8348,76,975629
质子研投,??男/北京    ??    ,28545,3180,136023
整形我有料,??女/四川    ??    ,5270,698,462173
建德发布,??女/浙江    ??    ,31212,963,68320
杜DYangDu,??女/海外    ??    ,4612,1978,236914
刘梦雅917,??女/四川    ??    ,573,6,129
广西日报,??男/广西    ??    ,131507,1340,7018866
小小女子看风云,??女/浙江    ??    ,1114,155,1015
Abner巴基,??男/浙江    ??    ,14327,2074,304219
中国儿科医生,??男/广东    ??    ,6127,1361,545215
媒体人张晓磊,??男/山东    ??    ,47235,450,15282853
上海体育发布,??男/上海    ??    ,13634,668,672627
检察日报,??男/北京    ??    ,58526,1271,3180663
玛纳斯检察,??男/新疆    ??    ,15803,198,196359
济南时报,??男/山东    ??    ,90449,1612,2633741
中医范圣华,??男/北京    ??    ,5223,359,1025704
人民视频,??男/北京    ??    ,21764,457,10439297
津卫十足,??女/天津    ??    ,5165,122,122409
猛逸,??男/湖北    ??    ,3002,3304,137295
Xjj_无争,??男/陕西    ??    ,2013,5825,257446
英伦圈,??男/海外    ??    ,5376,383,132800
何谓意识,??女/广东    ??    ,12093,1689,208167
热事我在看,??女/北京    ??    ,6029,67,457723
武汉身边事,??女/湖北    ??    ,120697,2874,1163414
青蕉视频,??女/四川    ??    ,19372,186,4503438
军事论潭,??男/北京    ??    ,42729,3244,146615
西安牙医老聂,??男/陕西    ??    ,18634,2660,126156
周先生与生活,??男/江苏    ??    ,529,82,538
如瑞法师,??女/山西    ??    ,5870,78,711383
凑合在德国,??女/海外    ??    ,9877,252,23916
郑州热点事儿,??男/其他    ??    ,7444,265,1062816
腾讯医典,??男/广东    ??    ,6207,340,1060775
孔庆东,??男/北京    ??    ,120923,748,4162898
嘉陵检察,??男/四川    ??    ,13345,351,22893
成都校园,??男/四川    ??    ,36158,762,637592
贵州监狱,??男/贵州    ??    ,24382,819,278734
左江的芦苇花花,??女/广西    ??    ,11789,1393,1609
陕西发布,??女/陕西    ??    ,49349,299,1441814
微博台,??女/台湾    ??    ,28133,938,1820425
中一在线,??男/浙江    ??    ,61023,3376,1288091
悦纷享张悦,??女/浙江    ??    ,3423,889,105722
白l~l~,??男/湖北    ??    ,245,131,484
胡敏老师,??男/北京    ??    ,3524,497,1484258
夏天的陈小舒,??女/海外    ??    ,11085,1232,1892093
桂哥猎手VIP777,??男/上海    ??    ,73172,4083,91728
岳阳共青团,??男/其他    ??    ,10026,237,29898
黄致列的皇贵妃,??女/海外    ??    ,18902,536,1611
御史在途,??男/湖南    ??    ,7578,2202,379892
美术生2B青年,??男/广东    ??    ,23623,1501,1254828
宾大杨国斌??男/其他    ??    ,传播学、社会学教授。著《红卫兵世代与政治激进》《连线力：中...,1060,699,34140
云南网,??男/云南    ??    ,139149,443,1283434
范炜,??男/山西    ??    ,27055,3032,2008477
云南消防,??男/云南    ??    ,33223,1685,936304
风云梦远,??男/江苏    ??    ,7183,319,185212
广州从化发布,??男/广东    ??    ,13757,217,66964
凤凰网科技,??男/北京    ??    ,67301,1153,3430884
马丁马小虎,??男/北京    ??    ,16657,1348,4693883
北京12320在聆听,??女/北京    ??    ,31499,421,2210788
中国计量大学,??男/浙江    ??    ,11115,503,44244
陕西省文化和旅游厅,??男/陕西    ??    ,23946,476,1660645
幸福临潼,??男/广东    ??    ,88121,7177,261861
广东新闻广播,??男/广东    ??    ,7246,270,1141372
坡坡Depol,??男/广东    ??    ,4397,160,2326323
一点资讯,??男/北京    ??    ,36184,2239,3557565
伊万卡粉丝团,??女/海外    ??    ,8584,587,131777
成都青白江,??男/四川    ??    ,54643,316,308810
卿所不知道的西安,??女/北京    ??    ,4439,142,89526
母婴一点通??男/云南    ??    ,今年的春节不太一般，深居好几线的家乡小城也和全国各地一样正在紧张抗击新冠肺炎。每天从清晨天蒙蒙亮就告别家小开始筹集各项物资，直至深夜踏着月光带着疲惫回家，每一天都是上战场的节奏。没有休息，很少吃饭，不敢多喝热水不是因为不知道多喝热水可以有利于抵抗病毒，而是因为奔忙路上鲜...,2,207,14
张谦南,??男/其他    ??    ,197,370,11153
话匣子FM,??女/上海    ??    ,5946,379,1467018
湖南卫视何小庭0619,??男/海外    ??    ,19526,2240,1011825
广东天气,??男/广东    ??    ,58868,320,2108688
天涯社区,??男/北京    ??    ,35064,409,8204173
孤烟暮蝉,??女/其他    ??    ,112880,2073,6371736
无心简影,??男/重庆    ??    ,28921,740,747781
鲜花安小安,??女/北京    ??    ,4780,2120,81893
你不知道的南京事,??男/北京    ??    ,4180,172,100125
中国共青团网,??男/北京    ??    ,30949,2233,1172358
皇马球迷资讯,??女/海外    ??    ,28256,185,777541
西安外国语大学,??女/陕西    ??    ,15034,270,93554
海南日报,??男/海南    ??    ,78644,1564,7201453
营养医师王兴国,??男/辽宁    ??    ,19671,396,1164074
沈阳铁路,??男/辽宁    ??    ,83286,491,1106290
最hot视频集合地,??女/北京    ??    ,5703,125,59271
白帽蓝衣,??男/山西    ??    ,44909,1249,334598
金融侠女盈盈,??女/其他    ??    ,12150,421,1012792
搞笑沙雕集中营,??女/其他    ??    ,27057,70,46243
四川日报,??男/四川    ??    ,36392,2392,7935860
胳膊肘子鲸,??女/北京    ??    ,2884,1336,767
子夜木须染,??男/海外    ??    ,832,397,75357
美术印象馆,??女/北京    ??    ,9537,50,1240860
环球时报-英文版,??男/北京    ??    ,80095,265,837810
凯蒂__酱,??女/上海    ??    ,217,405,532
芝芝霉霉_,??女/其他    ??    ,19,201,28
北堂茉染,??女/海外    ??    ,8276,133,272
泰国网,??男/海外    ??    ,26030,265,1576520
南通电视台,??男/江苏    ??    ,26618,151,502608
樊竹云吖??女/山西    ??    ,一个播音女大学生,26,111,1087
环球人物杂志,??男/北京    ??    ,29913,86,7644636
瘦不了的中医肥猫,??男/安徽    ??    ,4267,89,19403
百姓关注,??男/贵州    ??    ,33464,429,1060347
青年说,??男/北京    ??    ,32628,952,2083719
半岛晨报,??男/辽宁    ??    ,169002,1143,9709405
延参法师,??男/河北    ??    ,52348,1848,44557409
保利发展在湖北,??女/其他    ??    ,145,18,1717
燕垒生,??男/浙江    ??    ,5742,211,110495
水皮,??男/北京    ??    ,7878,341,7633531
徐州发布,??男/江苏    ??    ,52539,663,689478
惠大夫在江湖,??男/辽宁    ??    ,10854,758,1906846
梵蒂冈新闻网,??男/海外    ??    ,17149,1798,33083
不会吃鸡的抖抖,??女/福建    ??    ,35,93,126
黑娃,??男/陕西    ??    ,34576,4720,150755
垒垒叠叠??男/江苏    ??    ,各家媒体看过来，这个灯光秀你们见过吗？她叫邓煌，网名,42429,4712,4265
浦东发布,??女/上海    ??    ,53070,1569,468247
央视网快看,??男/北京    ??    ,173850,879,5105046
月明如水的娜可露,??男/北京    ??    ,6623,280,48947
佳爷房谈王佳,??男/北京    ??    ,16315,1127,713664
SEEUATTHETOP,??男/其他    ??    ,2571,1095,116
健康成都官微,??女/四川    ??    ,37081,476,1917603
o0O给自己加V??女/湖北    ??    ,余生很长，何必慌张,892,63,148
林耘,??男/北京    ??    ,27174,411,439158
南通那点事儿,??男/江苏    ??    ,19987,1619,876167
第一时间,??男/北京    ??    ,43974,448,13320029
龙虎榜策略为师,??男/上海    ??    ,12954,2106,42106
成都万象事,??男/四川    ??    ,3362,2455,123829
山西省人民政府,??男/山西    ??    ,21312,31,143679
新浪娱乐,??女/北京    ??    ,161117,3381,41611591
wu2198,??女/广西    ??    ,73949,0,10573004
厦门日报,??男/福建    ??    ,113332,902,857768
晋城通,??男/山西    ??    ,32103,4060,580291
深圳校园,??男/广东    ??    ,6528,518,23151
宣城公安在线,??男/安徽    ??    ,34369,648,586516
奏耐天津,??男/天津    ??    ,333599,4089,1983450
芜湖反邪教,??男/安徽    ??    ,70864,287,105116
吕辉梵,??男/其他    ??    ,206,1086,4503
hk少女组合,??女/湖北    ??    ,5691,94,771
PARADOXONCEMORE,??女/上海    ??    ,17734,351,1748
了不起的中国制造,??女/北京    ??    ,10757,629,733666
抚州临川发布,??女/江西    ??    ,76905,228,256531
北美世界日,??男/海外    ??    ,7388,293,1021126
鹊桔,??男/广东    ??    ,3439,428,121813
杭州发布,??女/浙江    ??    ,62057,372,3744222
豆果美食,??女/北京    ??    ,31572,1135,2811565
人民数据,??女/北京    ??    ,12167,481,278983
阿般视多具,??女/其他    ??    ,36383,21,413602
云南政法,??男/云南    ??    ,41387,850,38119
温州草根微博,??男/浙江    ??    ,64909,0,2458313
陀思妥耶夫斯基-,??男/其他    ??    ,2087,1792,2470
人民陆军,??男/北京    ??    ,1221,61,1748542
kano_dayo,??女/海外    ??    ,501,40,68641
四川反邪教,??男/四川    ??    ,59050,578,56084
数码科技黑莓会,??男/广东    ??    ,50425,17542,179475
春雨医生,??男/北京    ??    ,12732,1318,1583001
南京日报,??男/江苏    ??    ,24134,850,6335369
一人谈视频,??男/浙江    ??    ,3200,1430,1347571
杭州城管,??男/浙江    ??    ,38219,1295,116099
日本共同社,??男/海外    ??    ,34038,133,2930218
拉房哥,??男/北京    ??    ,12124,365,273345
大嘴韩乔生,??男/北京    ??    ,9726,768,14936584
孝感发布,??男/湖北    ??    ,23288,315,1181742
壁纸屋-,??女/浙江    ??    ,384,52,23312
龙de意志,??男/海外    ??    ,6004,56,532814
精彩短视频礼赞新中国,??男/北京    ??    ,718,4,311983
湖南省博物馆,??女/湖南    ??    ,4546,210,430769
金昌交警支队,??男/甘肃    ??    ,65136,1010,121991
百度UFC吧官方微博,??男/北京    ??    ,11278,36,425132
王宗安,??男/北京    ??    ,16503,686,29392
耕夫中医,??男/北京    ??    ,12791,446,786513
慕笑尘??女/湖南    ??    ,"Just breathe,you can see the miracle...",2218,227,288
湖南交通频道官方微博,??男/湖南    ??    ,95198,1291,1047215
怀旧老动画,??女/北京    ??    ,12492,146,120795
蛮大的,??男/其他    ??    ,278,45,360002
西安直播,??女/陕西    ??    ,76457,1645,876969
西安发布,??男/陕西    ??    ,84230,421,1510200
人民法院报,??男/北京    ??    ,64954,696,3753154
巡视猪,??男/北京    ??    ,9850,327,32327
东8区编辑室,??女/北京    ??    ,2024,244,208165
打奥特曼de小怪兽,??男/其他    ??    ,19232,1198,363342
郑州晚报,??男/河南    ??    ,131378,895,5067915
南京广播网,??男/江苏    ??    ,9031,243,580829
哈尔滨身边事,??女/黑龙江    ??    ,39185,2232,1278873
了不起的王马丁,??男/上海    ??    ,9501,234,61097
微微女友,??女/其他    ??    ,23371,3189,154547
ta是大明星,??男/北京    ??    ,31954,425,476510
南宁微博头条,??男/广西    ??    ,56123,2339,1173197
曲江新区,??女/陕西    ??    ,48245,159,792139
我叫杜云婷,??女/江苏    ??    ,397,1448,249236
魔术牙医徐勇刚,??男/湖北    ??    ,1476,97,274780
陕西吃喝玩乐播报,??男/陕西    ??    ,26454,700,654293
浙样红TV,??男/浙江    ??    ,31538,554,2995707
快乐哈哩,??男/河南    ??    ,233650,1599,167815
__青楼满座,??男/山东    ??    ,2054,1812,114891
宽窄有度,??男/四川    ??    ,11026,447,2658241
叶空是否知晓一切,??女/海外    ??    ,37031,562,2564
火星跑步者,??男/北京    ??    ,145130,3554,596127
好的女王,??男/湖北    ??    ,328,170,4509
和谐宽城,??女/吉林    ??    ,45884,490,133135
学习军团,??男/北京    ??    ,6740,55,1212857
双流区妇女联合会,??女/四川    ??    ,30117,676,2070
美国侨报网,??男/海外    ??    ,58170,763,727169
红哥爆料,??男/福建    ??    ,15398,141,216399
人民公安报,??男/北京    ??    ,25907,158,3077098
中国足球报道,??男/北京    ??    ,106647,1925,7546677
余姚-知行者,??男/浙江    ??    ,6808,422,704
马文先生,??男/海外    ??    ,3385,2504,23543
Six_Green,??女/河南    ??    ,259,304,610
北美顾问,??男/海外    ??    ,17943,270,1502460
来自星星的大白白白KK,??女/浙江    ??    ,7654,698,630
奥兹医生_DrOz,??男/海外    ??    ,159,2,230064
庆阳那些事儿,??男/甘肃    ??    ,12612,717,205962
陪小朋友一起斩妖除魔,??女/海外    ??    ,1715,279,23
生殖男科医生李晓,??男/山东    ??    ,6584,395,160802
梁上Mhenderson,??男/广东    ??    ,3665,472,2467028
旅行笔迹,??男/陕西    ??    ,18701,604,1104763
LongforShort,??男/四川    ??    ,3582,411,53507
屁儿桃桃,??女/海外    ??    ,3402,1891,1263171
学畜日常,??男/重庆    ??    ,1944,150,1444781
联合国开发计划署,??女/北京    ??    ,8937,292,291369
设计师长明,??男/上海    ??    ,39,198,118
爱股票APP,??男/北京    ??    ,55421,857,322477
第一亿颗星,??女/山东    ??    ,6388,370,367013
河北消防,??男/河北    ??    ,20405,788,2461923
南充播报,??男/四川    ??    ,39847,231,298321
寻找地外生命,??女/北京    ??    ,8464,172,525343
戴凯,??男/海外    ??    ,4075,120,1108907
深圳特区报,??男/广东    ??    ,106858,812,8316810
武汉2049V??男/山东    ??    ,很多人不知道，得了糖尿病，很有可能会被截肢。,20810,521,35692
Alto茶莉茉??女/浙江    ??    ,水至清则无鱼，一排练则无敌。,4907,365,1062
北京地铁,??女/北京    ??    ,46319,514,4986737
健康陇南,??男/甘肃    ??    ,18814,1737,3962
澳大利亚SBS广播公司,??女/海外    ??    ,46590,431,532646
仝潇华,??女/海外    ??    ,6760,159,586696
安亚轩丶,??男/河北    ??    ,364,285,9579
灰姑娘也会有春天的啊??女/山东    ??    ,万人追不如一人疼，万人宠不如一人懂。,152,393,151
老衲法号土狗,??男/北京    ??    ,2825,987,15767
老记宋军,??男/江苏    ??    ,177981,13776,693122
李在这里吗,??男/吉林    ??    ,4588,2777,20987
张颂恩,??男/海外    ??    ,2788,201,90772
N视频,??女/广东    ??    ,20120,242,5776696
复旦大学,??男/上海    ??    ,12936,2074,3864400
许子东,??男/香港    ??    ,3401,186,981252
巴黎野城,??男/海外    ??    ,20367,619,53146
小手大艺,??女/广东    ??    ,532,344,47827
实践是检验真理标准??女/其他    ??    ,我就是爱音乐,2823,568,215
指尖长春,??男/吉林    ??    ,31958,1907,1378466
凉拌草莓丶,??男/上海    ??    ,203,71,301
这里是荷兰,??男/海外    ??    ,925,1087,34425
凌云MikeLing,??男/海外    ??    ,16672,2191,1772974
林小暖bella,??女/天津    ??    ,19792,1158,2519465
军机特情局,??男/其他    ??    ,2559,313,53208
温哥华FUN,??女/海外    ??    ,12450,2693,552468
一人一股,??男/广东    ??    ,25803,1118,205217
TAO0309,??女/北京    ??    ,441,52,103
台海网,??男/福建    ??    ,7144,131,78356
许亿秒,??女/其他    ??    ,5152,687,1499471
哈尔滨发布,??男/黑龙江    ??    ,34544,161,3370083
大江网,??男/江西    ??    ,76577,494,977328
淡若p灯,??男/吉林    ??    ,3401,1376,222389
春天会再次来临,??女/四川    ??    ,7464,1429,1189
菠菜逛基辅,??男/河北    ??    ,705,62,4035
凯恩斯,??男/北京    ??    ,33914,412,2426319
平安武汉,??男/湖北    ??    ,96624,530,2215305
中国军视网,??男/北京    ??    ,25207,336,5770354
杭州应急管理,??男/浙江    ??    ,14280,177,60626
湛江同城,??男/广东    ??    ,19333,388,82706
杭州日报,??男/浙江    ??    ,28350,707,2470512
小傻傻颖,??女/云南    ??    ,4350,2107,3051
揭露地球,??男/其他    ??    ,18608,398,5730501
平安辽宁,??男/辽宁    ??    ,81859,5070,3410445
中时,??男/台湾    ??    ,8958,391,77635
嘈点君,??男/广东    ??    ,21353,719,192750
青I,??男/上海    ??    ,8453,1146,8657
周鱼,??男/上海    ??    ,14537,607,9004910
科学懂不懂,??男/北京    ??    ,29719,117,3050285
吾皇嘉树,??男/陕西    ??    ,7953,1562,3462
尼克安闲,??男/江苏    ??    ,126385,3515,51305
山东交通广播,??男/山东    ??    ,14135,701,408831
-四分三十三秒-,??男/山东    ??    ,28846,648,7184767
相公有约,??男/浙江    ??    ,17254,918,2091
刘家亘,??男/四川    ??    ,1057,317,11507
山西反邪教,??男/山西    ??    ,50248,707,373250
凉山昭觉111111??男/四川    ??    ,昭觉位于凉山州中部偏东，北端普雄火车站，南临布拖县，东接美...,22918,1336,101373
上海大学顾传青,??男/上海    ??    ,24067,671,12415
赣州微资讯,??男/江西    ??    ,12332,1019,272110
军事博主,??男/北京    ??    ,11457,47,656289
谯蓝蓝??女/北京    ??    ,北京享通嘉晔国际贸易有限公司   国际货运，代理进出口，报关...,2151,392,1105
科技一方,??男/其他    ??    ,2651,480,1178287
江西仙女湖,??男/江西    ??    ,10555,421,41274
风吟天下,??男/北京    ??    ,22318,1746,3184284
蓝胖子嘤嘤怪,??男/甘肃    ??    ,292,47,61920
我住在这里的理由,??男/江苏    ??    ,5036,416,1784240
微博音乐,??男/北京    ??    ,41307,2212,6761173
深圳卫视_正午30分,??女/广东    ??    ,19857,166,440315
小狗的奇妙女友_粽_粽,??女/海外    ??    ,41842,909,8909
神奇的微生物世界,??女/北京    ??    ,6505,35,162452
义勇军--鬼谷子,??男/广西    ??    ,144561,6625,14688953
诗意海蓝色,??男/山东    ??    ,7379,1865,1067268
北京台春晚,??男/北京    ??    ,8501,704,1108508
梅新育,??男/北京    ??    ,58873,216,1362950
久久大表姐,??女/北京    ??    ,7727,756,1091982
贵州省未成年犯管教所,??女/贵州    ??    ,41585,1302,87071
污力小笙,??女/北京    ??    ,5036,121,403367
某魏先生,??男/山东    ??    ,932,1476,2168
FATIII,??男/其他    ??    ,33458,812,3406429
平安天津滨海,??女/天津    ??    ,23210,944,299355
长安皖韵,??男/安徽    ??    ,22025,392,41959
孝感网槐荫论坛,??女/湖北    ??    ,17402,412,244156
建华Wei业,??男/其他    ??    ,9058,1382,362354
南国早报,??男/广西    ??    ,99048,675,2981849
宋中清主任律师,??男/北京    ??    ,32976,9971,200406
深圳天气,??男/广东    ??    ,63357,288,2029754
南京江北新区发布,??女/江苏    ??    ,26704,478,1152156
华商报,??女/陕西    ??    ,137672,760,10745101
乔老爷玩转地球,??男/湖北    ??    ,46269,2619,1086839
新浪手机,??女/北京    ??    ,39374,617,2047841
大连成,??男/辽宁    ??    ,33342,446,1123471
寒梅已着花,??男/陕西    ??    ,12350,15007,46424
热点video,??男/吉林    ??    ,3128,385,110617
衢州广电传媒,??男/浙江    ??    ,10090,385,5553
楷书死忠刘顶峰,??男/新疆    ??    ,5234,245,744623
河南新闻广播,??男/河南    ??    ,158720,440,5807901
周口同城会,??男/河南    ??    ,32165,678,356186
清远消防,??男/广东    ??    ,21059,444,162755
佳期如梦的佳,??女/陕西    ??    ,10229,1264,1514703
微博纪录片,??女/北京    ??    ,9173,270,1118805
捉谣记,??男/北京    ??    ,2227,911,250984
武汉微城事,??女/湖北    ??    ,11094,1063,91178
平安开封,??男/河南    ??    ,34883,1297,650729
朱海峤医生,??男/浙江    ??    ,9047,908,360324
研究生招生资讯网,??女/北京    ??    ,14902,254,497586
新浪黑龙江,??男/黑龙江    ??    ,55003,2792,1547486
魔都财观,??男/上海    ??    ,8329,252,656017
绿色蒲江,??男/四川    ??    ,49753,614,123547
PoliGraph,??男/海外    ??    ,1565,241,137005
今日俄罗斯RT,??女/海外    ??    ,4299,27,909717
杨幂吧官博,??女/北京    ??    ,15665,115,307575
广州牙齿矫正梁爱燕,??女/广东    ??    ,609,622,335614
隐于庭的小法师,??男/湖北    ??    ,26009,274,1991754
司R子tt,??男/北京    ??    ,77482,306,1297985
斑马君爱武汉,??女/湖北    ??    ,26420,347,934414
陈九霖,??男/北京    ??    ,22044,485,3547824
大理广播电视台,??男/云南    ??    ,61099,638,148905
兰州晨报,??男/甘肃    ??    ,84782,1682,1655684
中华全国学联,??女/北京    ??    ,35693,638,1962474
萌萌哒bot,??女/浙江    ??    ,1566,101,136320
热门表哥,??男/甘肃    ??    ,45715,52,799748
人人爱重庆,??男/重庆    ??    ,41411,3436,2110019
网信呼和浩特,??男/内蒙古    ??    ,16765,1081,332391
香港政府新W,??男/香港    ??    ,6303,31,1163882
华尔街多媒体,??男/海外    ??    ,11156,201,613745
黑龙江-粮贩子??男/黑龙江    ??    ,鸡汤+视频=毒药,5112,34,79257
ZHOU俊哲,??男/陕西    ??    ,8,989,248
赫山公安分局,??女/湖南    ??    ,37989,1037,22790
搞机圈的那些事,??男/四川    ??    ,47488,1644,4427661
深圳卫视深视新闻,??女/广东    ??    ,6291,115,591579
北京市石景山区卫生计生委,??男/北京    ??    ,5407,223,3964
法兰西微语,??男/海外    ??    ,58918,2948,663910
张若秋YOYO,??女/吉林    ??    ,43972,5112,7542
丁香妈妈,??女/浙江    ??    ,4533,1020,112375
天津交通广播,??男/天津    ??    ,121103,937,6847590
江干发布,??女/浙江    ??    ,37683,567,299712
广州美食生活圈,??男/广东    ??    ,29356,807,874353
邓学平律师,??男/上海    ??    ,4474,677,591751
一点清风----,??男/安徽    ??    ,141487,2937,44021
南宁铁路,??男/广西    ??    ,34579,429,963563
哈尔滨日报,??男/黑龙江    ??    ,57118,2071,702683
成都高新,??男/四川    ??    ,73961,1277,577030
浙江省中医院_浙中医大附属一院,??男/浙江    ??    ,544,122,128778
爱范儿,??男/广东    ??    ,70651,677,2246373
友仁养生-做个健康人,??男/湖北    ??    ,3872,348,380
吾爱哇,??男/北京    ??    ,45,189,17
济南生态环境,??男/山东    ??    ,78793,2090,85252
粥酱大坏蛋,??女/北京    ??    ,860,440,2546
直通屏山,??女/福建    ??    ,47740,603,45671
银河风格,??男/海外    ??    ,23402,41,3297
朝阳公安,??男/辽宁    ??    ,43476,830,216709
roseRogers,??女/海外    ??    ,12300,2219,45700
好奇少年闪闪君,??女/北京    ??    ,66,90,178
xiehaihui123??女/广东    ??    ,做好自己。。。,192,122,54
Mik-T1020,??女/浙江    ??    ,209,159,118
像她这样的女孩阿wang,??女/广西    ??    ,494,70,257
陈震同学,??男/北京    ??    ,40656,777,5307776
兮阳,??男/海外    ??    ,488,250,133696
绵阳网警巡查执法,??男/四川    ??    ,11224,719,146548
留德小助手,??男/海外    ??    ,1741,192,66870
龟兔孰赢,??男/广东    ??    ,18235,2942,237274
唐棣海歌,??男/北京    ??    ,49677,4675,8037
悦西安网,??男/陕西    ??    ,12511,312,466989
科技疯汇,??男/广东    ??    ,30620,1339,3067814
长安街知事,??男/北京    ??    ,85374,1866,15044828
湖南日报,??女/湖南    ??    ,74551,562,1645990
琉璃厂人,??男/北京    ??    ,47686,1246,328589
凯迪猫眼看人,??男/海南    ??    ,47644,506,53203
尹烨-华大基因,??男/广东    ??    ,2881,27,771294
糗事小酱,??男/海外    ??    ,45620,272,339629
每日济南,??女/山东    ??    ,6454,590,446185
一枚军粉,??男/四川    ??    ,39479,747,3410209
卢晓周,??男/广东    ??    ,36296,190,123346
哈飞工大??男/北京    ??    ,生命不息，战斗不止。,55602,160,1996
贼搞大叔,??男/重庆    ??    ,9411,63,2064126
渭南检察,??男/陕西    ??    ,40510,586,26525
辽宁共青团,??男/辽宁    ??    ,44029,325,1507447
不约儿童的大松子儿,??男/天津    ??    ,32514,615,993679
安徽消防,??男/安徽    ??    ,55344,916,782459
梦秋药师,??女/河南    ??    ,8380,1253,153875
袁方,??男/北京    ??    ,1286,87,1062323
365-厦门大雨,??男/福建    ??    ,60287,779,232631
白水法院,??男/陕西    ??    ,64418,1237,101795
中国石化,??男/北京    ??    ,12992,879,1477576
国家大剧院,??女/北京    ??    ,15843,539,2421326
河北共青团,??男/河北    ??    ,66018,1847,822316
映象网,??男/河南    ??    ,68030,1476,2937877
山东高法,??男/山东    ??    ,60688,882,2937076
武大口腔正畸医生张淑珍,??女/湖北    ??    ,3974,2195,39404
你与我丶终究背道而驰,??女/山东    ??    ,4594,672,701
lovelife旦旦,??男/海外    ??    ,15913,595,1005660
凌晨刚醒,??男/浙江    ??    ,27318,6120,276442
旅行指南家,??男/青海    ??    ,38011,503,2098462
瘦高老大爷??男/河北    ??    ,好吃的怎么辣么多,167,74,66
冰彬兵,??男/陕西    ??    ,36329,1099,1934620
炎热的瘦虎,??女/湖北    ??    ,28467,540,54694
指尖阳光,??男/北京    ??    ,12284,366,75313
Miu空明禅,??女/云南    ??    ,17012,1488,79434
刑警成亮PC822913,??男/陕西    ??    ,91781,3048,498400
旅行厨男,??男/上海    ??    ,3867,763,2750986
乐牙之乐,??女/江苏    ??    ,4999,379,125972
武汉凯叔,??男/湖北    ??    ,2195,230,21828
联合国新闻,??女/海外    ??    ,20626,108,1456504
辣妹儿小游,??女/其他    ??    ,1826,461,3493
丁丁的Twitter,??男/北京    ??    ,9724,189,89045
安阳市教育局,??男/河南    ??    ,33128,459,62855
从股置金,??男/湖北    ??    ,11002,121,1015224
医疗音乐手绘君,??男/山西    ??    ,10337,1723,351480
新浪辽宁,??女/辽宁    ??    ,91244,2410,1665487
魅力青春C,??男/河南    ??    ,4940,5152,1939
用光影保护生态环境,??女/海外    ??    ,7836,391,70785
公益人王磊,??男/上海    ??    ,33339,2583,1249608
定陶检察,??男/山东    ??    ,36069,1696,57094
深圳公安,??女/广东    ??    ,81272,1019,3972277
SudaKong2020??男/北京    ??    ,伦敦市民录制祝福视频为中国加油,21,65,1
林起,??男/广东    ??    ,14305,187,450702
辽宁发布,??男/辽宁    ??    ,27931,2,113586
新华二代在德国_周磊,??男/海外    ??    ,7492,194,170280
公考王建伟,??男/北京    ??    ,15094,181,638010
美国匹兹堡大学,??男/海外    ??    ,1103,1321,7288
朵朵塔罗,??女/香港    ??    ,118239,333,8917882
穷游网,??男/北京    ??    ,51736,509,2808082
远方青木,??男/其他    ??    ,593,216,67180
言卖黑土??女/海外    ??    ,人人都要学会的猝死救命方法完整版，关键时刻能救人命，请转存！当然了，希望永远不要用到！ ,636,826,84
拜仁老赫,??男/海外    ??    ,18359,117,4814501
马崇道,??男/福建    ??    ,1089,61,695117
靓仔啊啊凯,??女/福建    ??    ,61899,206,12387
武汉大学人民医院,??男/湖北    ??    ,1605,380,212952
原味爱豆,??男/北京    ??    ,26755,110,224870
老妖观察,??男/浙江    ??    ,24277,499,623205
和讯网,??男/北京    ??    ,106801,470,674662
